,z,t,theta_train
0,-1.0,0.0,0.17952021785580438
1,-1.0,0.012,0.21656992853505355
2,-1.0,0.024,0.3200181563772667
3,-1.0,0.036000000000000004,0.34858254223316004
4,-1.0,0.048,0.3720474566625915
5,-1.0,0.06,0.38895315997171853
6,-1.0,0.07200000000000001,0.39954681188411495
7,-1.0,0.084,0.40850422998888397
8,-1.0,0.096,0.41542687653229127
9,-1.0,0.10800000000000001,0.42110684491623623
10,-1.0,0.12,0.4332661776102799
11,-1.0,0.132,0.43050557067564954
12,-1.0,0.14400000000000002,0.42521804044509953
13,-1.0,0.156,0.4310728445424805
14,-1.0,0.168,0.4468644306093545
15,-1.0,0.18,0.4369862855131705
16,-1.0,0.192,0.4438834753083237
17,-1.0,0.204,0.44303783287668413
18,-1.0,0.21600000000000003,0.44443620568658393
19,-1.0,0.228,0.44323253614580693
20,-1.0,0.24,0.4419777514174483
21,-1.0,0.252,0.44103974818480157
22,-1.0,0.264,0.4248443547815529
23,-1.0,0.276,0.41399392760775605
24,-1.0,0.28800000000000003,0.4135586109320603
25,-1.0,0.3,0.4035190420430187
26,-1.0,0.312,0.4096516485104691
27,-1.0,0.324,0.40272435383911476
28,-1.0,0.336,0.3872044250521763
29,-1.0,0.34800000000000003,0.4025907271547902
30,-1.0,0.36,0.3987776827500767
31,-1.0,0.37200000000000005,0.382941549885834
32,-1.0,0.384,0.3814132716072186
33,-1.0,0.396,0.37521225771117234
34,-1.0,0.408,0.38589486585539695
35,-1.0,0.42,0.3832255712618274
36,-1.0,0.43200000000000005,0.37230865297667176
37,-1.0,0.444,0.37702474766726835
38,-1.0,0.456,0.37131633414644705
39,-1.0,0.46799999999999997,0.36243363723126054
40,-1.0,0.48,0.3694346553699984
41,-1.0,0.49200000000000005,0.3677293991432276
42,-1.0,0.504,0.35959955921670583
43,-1.0,0.516,0.36476845308420575
44,-1.0,0.528,0.36775618928018294
45,-1.0,0.54,0.3588980624381171
46,-1.0,0.552,0.3557501410616327
47,-1.0,0.5640000000000001,0.3568313486065794
48,-1.0,0.5760000000000001,0.3586612871989689
49,-1.0,0.588,0.3621031346134675
50,-1.0,0.6,0.3488776711590717
51,-1.0,0.612,0.34102244124160525
52,-1.0,0.624,0.3481179349800305
53,-1.0,0.636,0.34090243972139067
54,-1.0,0.648,0.3372699160276383
55,-1.0,0.66,0.34613196616268593
56,-1.0,0.672,0.34527663694852645
57,-1.0,0.684,0.3373320372670518
58,-1.0,0.6960000000000001,0.33847011576348635
59,-1.0,0.708,0.3404342121467545
60,-1.0,0.72,0.3329152590539188
61,-1.0,0.732,0.32361333280650845
62,-1.0,0.7440000000000001,0.3347635256813267
63,-1.0,0.7559999999999999,0.3366893961948017
64,-1.0,0.768,0.33735805419250675
65,-1.0,0.78,0.33624897554789446
66,-1.0,0.792,0.3343810593378343
67,-1.0,0.804,0.3224975602411338
68,-1.0,0.8160000000000001,0.3271709035275335
69,-1.0,0.8280000000000001,0.3326303995467982
70,-1.0,0.84,0.32721566487233916
71,-1.0,0.852,0.3314523678890546
72,-1.0,0.8640000000000001,0.31500385955143684
73,-1.0,0.8759999999999999,0.31933184420586347
74,-1.0,0.888,0.3122241263182539
75,-1.0,0.9,0.31431763206869096
76,-1.0,0.912,0.32109731469389047
77,-1.0,0.924,0.3180415650271382
78,-1.0,0.9359999999999999,0.31849487961679346
79,-1.0,0.948,0.32141465196412006
80,-1.0,0.96,0.30528852517054117
81,-1.0,0.972,0.3104133002402221
82,-1.0,0.9840000000000001,0.31882930534377124
83,-1.0,0.996,0.3173468874289038
84,-1.0,1.008,0.32491669887369473
85,-1.0,1.02,0.3565199010297259
86,-1.0,1.032,0.37292283675630616
87,-1.0,1.044,0.3804356094286619
88,-1.0,1.056,0.39346587268095884
89,-1.0,1.068,0.40582288997174276
90,-1.0,1.08,0.39943795148448985
91,-1.0,1.092,0.41341672889500886
92,-1.0,1.104,0.40864161053543097
93,-1.0,1.1159999999999999,0.41358879007967386
94,-1.0,1.128,0.420307130319527
95,-1.0,1.14,0.4101718606366428
96,-1.0,1.152,0.4226779390615027
97,-1.0,1.1640000000000001,0.424654102850744
98,-1.0,1.176,0.4296255019033035
99,-1.0,1.188,0.4343093320799106
100,-1.0,1.2,0.42314558067059393
101,-1.0,1.212,0.4262278040011754
102,-1.0,1.224,0.4299392385027031
103,-1.0,1.236,0.4262791590198598
104,-1.0,1.248,0.4187631342410525
105,-1.0,1.26,0.44258909466845064
106,-1.0,1.272,0.43824967118849073
107,-1.0,1.284,0.430109445664585
108,-1.0,1.296,0.42985580925837485
109,-1.0,1.308,0.4369947532646707
110,-1.0,1.32,0.4320601567170395
111,-1.0,1.3319999999999999,0.43106732833704814
112,-1.0,1.344,0.4281182948663722
113,-1.0,1.3559999999999999,0.43356377295216886
114,-1.0,1.368,0.44267973926511267
115,-1.0,1.38,0.44756549711730126
116,-1.0,1.392,0.4445025041866803
117,-1.0,1.404,0.44867801971447857
118,-1.0,1.416,0.43860826014714255
119,-1.0,1.4280000000000002,0.44685314608667887
120,-1.0,1.44,0.4420921396395496
121,-1.0,1.452,0.44176227652632916
122,-1.0,1.464,0.4371163470965213
123,-1.0,1.476,0.4366675888254088
124,-1.0,1.4880000000000002,0.43779118653984594
125,-1.0,1.5,0.447241377760533
126,-1.0,1.5119999999999998,0.4351137188490105
127,-1.0,1.524,0.4261921215178647
128,-1.0,1.536,0.4222918184788613
129,-1.0,1.548,0.4221029135819463
130,-1.0,1.56,0.41478886875782134
131,-1.0,1.5719999999999998,0.417095244598324
132,-1.0,1.584,0.4109406633305473
133,-1.0,1.5959999999999999,0.4100747537276182
134,-1.0,1.608,0.41466087173780075
135,-1.0,1.62,0.40238646174859266
136,-1.0,1.632,0.39695629013045747
137,-1.0,1.644,0.4031162523598822
138,-1.0,1.656,0.3984119080654505
139,-1.0,1.6680000000000001,0.3892673881270379
140,-1.0,1.68,0.3946110174163865
141,-1.0,1.692,0.37952873916594443
142,-1.0,1.704,0.3917489918532536
143,-1.0,1.716,0.3816483766981437
144,-1.0,1.7280000000000002,0.37546914210968974
145,-1.0,1.74,0.3888452322206797
146,-1.0,1.7519999999999998,0.38371840924993394
147,-1.0,1.764,0.38676085533218085
148,-1.0,1.776,0.3876253944327566
149,-1.0,1.788,0.3870809443783674
150,-1.0,1.8,0.37881196812623746
151,-1.0,1.8119999999999998,0.38120093102625374
152,-1.0,1.824,0.3780021882421625
153,-1.0,1.8359999999999999,0.3772023677006954
154,-1.0,1.848,0.36787341740801893
155,-1.0,1.86,0.3752090791855555
156,-1.0,1.8719999999999999,0.376340329469086
157,-1.0,1.884,0.37255976161246956
158,-1.0,1.896,0.3714160644328539
159,-1.0,1.908,0.37752876502774957
160,-1.0,1.92,0.36313621704013976
161,-1.0,1.932,0.36292097771121723
162,-1.0,1.944,0.37490671519194607
163,-1.0,1.956,0.36798269771107456
164,-1.0,1.9680000000000002,0.3601475438762173
165,-1.0,1.98,0.3658230268068626
166,-1.0,1.992,0.356905097492682
167,-1.0,2.004,0.36554057167496895
168,-1.0,2.016,0.38864778436237224
169,-1.0,2.028,0.3943099451222939
170,-1.0,2.04,0.4102690510835771
171,-1.0,2.052,0.4096842160058602
172,-1.0,2.064,0.4092662006984945
173,-1.0,2.076,0.41400266461072394
174,-1.0,2.088,0.43185959553596087
175,-1.0,2.1,0.4225366700269881
176,-1.0,2.112,0.43095410238829335
177,-1.0,2.124,0.43965067312405653
178,-1.0,2.136,0.4233339654805673
179,-1.0,2.148,0.4321867369803943
180,-1.0,2.16,0.4250315682091359
181,-1.0,2.1719999999999997,0.4354313259966343
182,-1.0,2.184,0.4354840438397609
183,-1.0,2.1959999999999997,0.4402218153358187
184,-1.0,2.208,0.4503244668253048
185,-1.0,2.22,0.448156416776115
186,-1.0,2.2319999999999998,0.43994960606493216
187,-1.0,2.244,0.4407715871327904
188,-1.0,2.256,0.44038264038854325
189,-1.0,2.268,0.4336914752387898
190,-1.0,2.28,0.4336602384575052
191,-1.0,2.2920000000000003,0.429798418323471
192,-1.0,2.3040000000000003,0.4433185150811506
193,-1.0,2.316,0.43047803694782777
194,-1.0,2.3280000000000003,0.44530985617224056
195,-1.0,2.34,0.45007809455751974
196,-1.0,2.352,0.4433188077490245
197,-1.0,2.364,0.4479130330931675
198,-1.0,2.376,0.4415983305082868
199,-1.0,2.388,0.4439816164061757
200,-1.0,2.4,0.43811793729026643
201,-1.0,2.412,0.4438806897434154
202,-1.0,2.424,0.44414343156079805
203,-1.0,2.436,0.45162174596372223
204,-1.0,2.448,0.44655429174068884
205,-1.0,2.46,0.4461902161221884
206,-1.0,2.472,0.44397672631575874
207,-1.0,2.484,0.44876176571764004
208,-1.0,2.496,0.44866929081810986
209,-1.0,2.508,0.4365081007361457
210,-1.0,2.52,0.42465351996142153
211,-1.0,2.532,0.4319184961702918
212,-1.0,2.544,0.4289739120471433
213,-1.0,2.556,0.42159831082763194
214,-1.0,2.568,0.42533083336103306
215,-1.0,2.58,0.4154167421573722
216,-1.0,2.592,0.4232997693134759
217,-1.0,2.6039999999999996,0.41788433098663036
218,-1.0,2.616,0.4054566604786432
219,-1.0,2.628,0.41058518505807434
220,-1.0,2.64,0.40739807482011076
221,-1.0,2.6519999999999997,0.40482226563092516
222,-1.0,2.6639999999999997,0.4024407767987374
223,-1.0,2.676,0.4004655978727692
224,-1.0,2.688,0.3996699886267742
225,-1.0,2.7,0.4040674261139823
226,-1.0,2.7119999999999997,0.4049824731505164
227,-1.0,2.7239999999999998,0.4013285327962083
228,-1.0,2.736,0.40581923574655987
229,-1.0,2.748,0.3955397626768698
230,-1.0,2.76,0.4067560725399239
231,-1.0,2.772,0.389701631070294
232,-1.0,2.7840000000000003,0.39676331758292005
233,-1.0,2.7960000000000003,0.39967075435643284
234,-1.0,2.8080000000000003,0.40392888163456236
235,-1.0,2.82,0.3958263191244973
236,-1.0,2.832,0.39809427597716135
237,-1.0,2.844,0.38644824645951803
238,-1.0,2.8560000000000003,0.3802473370242947
239,-1.0,2.8680000000000003,0.37965393860566504
240,-1.0,2.88,0.3927493642759967
241,-1.0,2.892,0.3887111074357138
242,-1.0,2.904,0.3827902806301039
243,-1.0,2.9160000000000004,0.3790167307222782
244,-1.0,2.928,0.3762107770123329
245,-1.0,2.94,0.3958716471292541
246,-1.0,2.952,0.37498046412983016
247,-1.0,2.964,0.38255161251543834
248,-1.0,2.9760000000000004,0.38292273858778686
249,-1.0,2.988,0.37886597481589124
250,-1.0,3.0,0.3785951488012512
251,-3.0,0.0,0.17957473712848457
252,-3.0,0.012,0.17948844912951673
253,-3.0,0.024,0.17877036297083382
254,-3.0,0.036000000000000004,0.17525239494645997
255,-3.0,0.048,0.18184231180639118
256,-3.0,0.06,0.28166534091921774
257,-3.0,0.07200000000000001,0.32885951797852087
258,-3.0,0.084,0.3489587451275331
259,-3.0,0.096,0.37259582345808406
260,-3.0,0.10800000000000001,0.38968112354757306
261,-3.0,0.12,0.39593755578900475
262,-3.0,0.132,0.4053286419160968
263,-3.0,0.14400000000000002,0.42571399766720924
264,-3.0,0.156,0.42496837297686685
265,-3.0,0.168,0.42164255254730915
266,-3.0,0.18,0.42021848751050855
267,-3.0,0.192,0.4276174290666662
268,-3.0,0.204,0.43107241796562906
269,-3.0,0.21600000000000003,0.4414386970492825
270,-3.0,0.228,0.43549948901090224
271,-3.0,0.24,0.4443153351546244
272,-3.0,0.252,0.44271093420081464
273,-3.0,0.264,0.41768281553533826
274,-3.0,0.276,0.4219691315039438
275,-3.0,0.28800000000000003,0.40759245313979253
276,-3.0,0.3,0.4054813491668853
277,-3.0,0.312,0.38801392675485247
278,-3.0,0.324,0.39598150380179736
279,-3.0,0.336,0.3929740708119899
280,-3.0,0.34800000000000003,0.3918475691083254
281,-3.0,0.36,0.38074843152857285
282,-3.0,0.37200000000000005,0.3885100153349309
283,-3.0,0.384,0.3915892514208146
284,-3.0,0.396,0.37208317056728
285,-3.0,0.408,0.38043026065730423
286,-3.0,0.42,0.38320700624728365
287,-3.0,0.43200000000000005,0.37624651351993393
288,-3.0,0.444,0.36282539024203686
289,-3.0,0.456,0.3775544281646536
290,-3.0,0.46799999999999997,0.37429945324479086
291,-3.0,0.48,0.3692162757243643
292,-3.0,0.49200000000000005,0.364460817560779
293,-3.0,0.504,0.36321880859830963
294,-3.0,0.516,0.3628333054714721
295,-3.0,0.528,0.35243315221694665
296,-3.0,0.54,0.3609206081517673
297,-3.0,0.552,0.3645099922258282
298,-3.0,0.5640000000000001,0.36316836732320507
299,-3.0,0.5760000000000001,0.3589193058138847
300,-3.0,0.588,0.35849730607854485
301,-3.0,0.6,0.3558860429336434
302,-3.0,0.612,0.34731451357166376
303,-3.0,0.624,0.35144784927266176
304,-3.0,0.636,0.3540710203164425
305,-3.0,0.648,0.3518294161106255
306,-3.0,0.66,0.3467682920364747
307,-3.0,0.672,0.33198092445895416
308,-3.0,0.684,0.35002379669446027
309,-3.0,0.6960000000000001,0.3492440570999923
310,-3.0,0.708,0.3547202239426868
311,-3.0,0.72,0.34151600514248504
312,-3.0,0.732,0.34034511295356784
313,-3.0,0.7440000000000001,0.3452440340824205
314,-3.0,0.7559999999999999,0.33501400887206106
315,-3.0,0.768,0.33799266869565997
316,-3.0,0.78,0.33141077873315505
317,-3.0,0.792,0.3325346967470147
318,-3.0,0.804,0.3353502725022818
319,-3.0,0.8160000000000001,0.33814930398012544
320,-3.0,0.8280000000000001,0.32980814527273494
321,-3.0,0.84,0.32605257312205593
322,-3.0,0.852,0.33473097918026634
323,-3.0,0.8640000000000001,0.330319248934298
324,-3.0,0.8759999999999999,0.33419835477071475
325,-3.0,0.888,0.3298140401247216
326,-3.0,0.9,0.32722146072740427
327,-3.0,0.912,0.3342693182797933
328,-3.0,0.924,0.31913334647878666
329,-3.0,0.9359999999999999,0.3332381171667981
330,-3.0,0.948,0.32630992232470685
331,-3.0,0.96,0.31747984752828307
332,-3.0,0.972,0.3261382679413047
333,-3.0,0.9840000000000001,0.3272172388507931
334,-3.0,0.996,0.32547136107621205
335,-3.0,1.008,0.31712408884974636
336,-3.0,1.02,0.32949245890943524
337,-3.0,1.032,0.335732935397509
338,-3.0,1.044,0.3491671877929946
339,-3.0,1.056,0.3597683943661702
340,-3.0,1.068,0.3696879533576391
341,-3.0,1.08,0.37675204874413004
342,-3.0,1.092,0.38041296403167285
343,-3.0,1.104,0.3895610983441063
344,-3.0,1.1159999999999999,0.39553468642060285
345,-3.0,1.128,0.40325816668218173
346,-3.0,1.14,0.40140835204407027
347,-3.0,1.152,0.4139668525297852
348,-3.0,1.1640000000000001,0.4067142911008243
349,-3.0,1.176,0.4059213787083407
350,-3.0,1.188,0.41165757393366886
351,-3.0,1.2,0.420543963655758
352,-3.0,1.212,0.4218352547395481
353,-3.0,1.224,0.42236651105781997
354,-3.0,1.236,0.42438947672836275
355,-3.0,1.248,0.4241703966022369
356,-3.0,1.26,0.42518088136340265
357,-3.0,1.272,0.4201665664432099
358,-3.0,1.284,0.41740564647114414
359,-3.0,1.296,0.4301936400693617
360,-3.0,1.308,0.4311878865775731
361,-3.0,1.32,0.434060832658957
362,-3.0,1.3319999999999999,0.4263050890012359
363,-3.0,1.344,0.4287556187847932
364,-3.0,1.3559999999999999,0.43801974478614464
365,-3.0,1.368,0.4336228943546599
366,-3.0,1.38,0.4365514975292952
367,-3.0,1.392,0.44253676615962884
368,-3.0,1.404,0.43889344283900267
369,-3.0,1.416,0.4338079798863657
370,-3.0,1.4280000000000002,0.43644943035104433
371,-3.0,1.44,0.43046050165637373
372,-3.0,1.452,0.4356565081458998
373,-3.0,1.464,0.4375825498887415
374,-3.0,1.476,0.4408298334106625
375,-3.0,1.4880000000000002,0.4395028390652464
376,-3.0,1.5,0.4377576094886416
377,-3.0,1.5119999999999998,0.4270003774159009
378,-3.0,1.524,0.42622372505859457
379,-3.0,1.536,0.42872254884079003
380,-3.0,1.548,0.42645008779112475
381,-3.0,1.56,0.416629059865351
382,-3.0,1.5719999999999998,0.4130800977246934
383,-3.0,1.584,0.42224418829681387
384,-3.0,1.5959999999999999,0.4099763809249021
385,-3.0,1.608,0.4109681432312358
386,-3.0,1.62,0.3965072794810776
387,-3.0,1.632,0.3957521638070098
388,-3.0,1.644,0.3960241698420362
389,-3.0,1.656,0.4065895788320872
390,-3.0,1.6680000000000001,0.3855445223835656
391,-3.0,1.68,0.38950322093733997
392,-3.0,1.692,0.39166089116229763
393,-3.0,1.704,0.3985977597957602
394,-3.0,1.716,0.39614061618855423
395,-3.0,1.7280000000000002,0.38158301561919356
396,-3.0,1.74,0.3922135271633076
397,-3.0,1.7519999999999998,0.3901558321792798
398,-3.0,1.764,0.390354482781511
399,-3.0,1.776,0.3835315178235697
400,-3.0,1.788,0.3904998022008621
401,-3.0,1.8,0.38772162712796593
402,-3.0,1.8119999999999998,0.37586135314394437
403,-3.0,1.824,0.3724465708460062
404,-3.0,1.8359999999999999,0.3862546765790089
405,-3.0,1.848,0.38099790991920074
406,-3.0,1.86,0.3824199176865127
407,-3.0,1.8719999999999999,0.3728064128192108
408,-3.0,1.884,0.37953844650873886
409,-3.0,1.896,0.36869151356895125
410,-3.0,1.908,0.3791747383927963
411,-3.0,1.92,0.37168881767830975
412,-3.0,1.932,0.3709677333602182
413,-3.0,1.944,0.378222472970184
414,-3.0,1.956,0.3672405327820625
415,-3.0,1.9680000000000002,0.36956448481932774
416,-3.0,1.98,0.3664948773613488
417,-3.0,1.992,0.3719725390584099
418,-3.0,2.004,0.3716940104574736
419,-3.0,2.016,0.3716966667939153
420,-3.0,2.028,0.39165564198938474
421,-3.0,2.04,0.3959015567233768
422,-3.0,2.052,0.3998192369405986
423,-3.0,2.064,0.40960377462928504
424,-3.0,2.076,0.4159917605084834
425,-3.0,2.088,0.4157635907309353
426,-3.0,2.1,0.428439056484492
427,-3.0,2.112,0.41944911044054656
428,-3.0,2.124,0.42415885875229026
429,-3.0,2.136,0.42129755477910724
430,-3.0,2.148,0.4303205380660959
431,-3.0,2.16,0.43390558280213837
432,-3.0,2.1719999999999997,0.4375263684067686
433,-3.0,2.184,0.4330446084202539
434,-3.0,2.1959999999999997,0.4344302429762874
435,-3.0,2.208,0.4362631707804792
436,-3.0,2.22,0.43231515873616605
437,-3.0,2.2319999999999998,0.4417448949210814
438,-3.0,2.244,0.43759056427672116
439,-3.0,2.256,0.4373808319218795
440,-3.0,2.268,0.4447356083048646
441,-3.0,2.28,0.4317683382486739
442,-3.0,2.2920000000000003,0.43875346218635664
443,-3.0,2.3040000000000003,0.43427135891875834
444,-3.0,2.316,0.44722994168276203
445,-3.0,2.3280000000000003,0.44764149554507393
446,-3.0,2.34,0.447871511228153
447,-3.0,2.352,0.4426650661573367
448,-3.0,2.364,0.4416661754398821
449,-3.0,2.376,0.4392836955161747
450,-3.0,2.388,0.441428195698563
451,-3.0,2.4,0.4449667576015972
452,-3.0,2.412,0.44386839502141373
453,-3.0,2.424,0.44227182824128836
454,-3.0,2.436,0.4533759246481491
455,-3.0,2.448,0.43943647460347707
456,-3.0,2.46,0.4535614943120234
457,-3.0,2.472,0.44369154754819434
458,-3.0,2.484,0.4378167799703476
459,-3.0,2.496,0.44488538801673616
460,-3.0,2.508,0.44491559830988414
461,-3.0,2.52,0.4352062000203651
462,-3.0,2.532,0.4321846382912177
463,-3.0,2.544,0.4251490275800894
464,-3.0,2.556,0.42186915818328
465,-3.0,2.568,0.42872945568099796
466,-3.0,2.58,0.43342608542917477
467,-3.0,2.592,0.42806146767059877
468,-3.0,2.6039999999999996,0.4138379340326706
469,-3.0,2.616,0.4161232934445557
470,-3.0,2.628,0.4073803956434124
471,-3.0,2.64,0.4146454082310789
472,-3.0,2.6519999999999997,0.4119090757137214
473,-3.0,2.6639999999999997,0.41153500167058743
474,-3.0,2.676,0.4124867766536416
475,-3.0,2.688,0.3976093144918961
476,-3.0,2.7,0.4016627267479186
477,-3.0,2.7119999999999997,0.41140733111718064
478,-3.0,2.7239999999999998,0.40532842687979564
479,-3.0,2.736,0.39843711493969336
480,-3.0,2.748,0.39473080935344934
481,-3.0,2.76,0.4074512068033692
482,-3.0,2.772,0.4006024479615992
483,-3.0,2.7840000000000003,0.3941013690299758
484,-3.0,2.7960000000000003,0.4009624915311342
485,-3.0,2.8080000000000003,0.38895452833154903
486,-3.0,2.82,0.39596099370190424
487,-3.0,2.832,0.39569251084022367
488,-3.0,2.844,0.3938749130912497
489,-3.0,2.8560000000000003,0.40422752795707456
490,-3.0,2.8680000000000003,0.38995168539357317
491,-3.0,2.88,0.39890759813793786
492,-3.0,2.892,0.39272822225136156
493,-3.0,2.904,0.3859056554441107
494,-3.0,2.9160000000000004,0.3810263459935181
495,-3.0,2.928,0.37945711491369577
496,-3.0,2.94,0.37777040660174116
497,-3.0,2.952,0.38776600768232267
498,-3.0,2.964,0.383517336625684
499,-3.0,2.9760000000000004,0.371202827806882
500,-3.0,2.988,0.38646224032013665
501,-3.0,3.0,0.38170020534098326
502,-5.0,0.0,0.1743226671940316
503,-5.0,0.012,0.17433212798842904
504,-5.0,0.024,0.1743654783685806
505,-5.0,0.036000000000000004,0.18163434686220534
506,-5.0,0.048,0.17835478940251748
507,-5.0,0.06,0.1678716023676937
508,-5.0,0.07200000000000001,0.1756092060578932
509,-5.0,0.084,0.1741031961601286
510,-5.0,0.096,0.2089639051016315
511,-5.0,0.10800000000000001,0.2812074894823441
512,-5.0,0.12,0.3148261727933056
513,-5.0,0.132,0.34549691851784137
514,-5.0,0.14400000000000002,0.36382945366397906
515,-5.0,0.156,0.3925698924514153
516,-5.0,0.168,0.39402407823717917
517,-5.0,0.18,0.41247132063549924
518,-5.0,0.192,0.41232614141611446
519,-5.0,0.204,0.4179698832210711
520,-5.0,0.21600000000000003,0.4271902769789596
521,-5.0,0.228,0.42562280039592987
522,-5.0,0.24,0.43446090632126144
523,-5.0,0.252,0.4301482950257918
524,-5.0,0.264,0.4202692156965943
525,-5.0,0.276,0.4068856092942234
526,-5.0,0.28800000000000003,0.4180821870723093
527,-5.0,0.3,0.4009424953019201
528,-5.0,0.312,0.4007580099379504
529,-5.0,0.324,0.39072875124135065
530,-5.0,0.336,0.3842814818144284
531,-5.0,0.34800000000000003,0.38339307143786966
532,-5.0,0.36,0.38704711797451025
533,-5.0,0.37200000000000005,0.38703761287838995
534,-5.0,0.384,0.38374605527077427
535,-5.0,0.396,0.37871947811048357
536,-5.0,0.408,0.3722882897371903
537,-5.0,0.42,0.3683878321500404
538,-5.0,0.43200000000000005,0.3703627198005552
539,-5.0,0.444,0.36041524797601604
540,-5.0,0.456,0.37214844305042355
541,-5.0,0.46799999999999997,0.37113987516975644
542,-5.0,0.48,0.3577656841735037
543,-5.0,0.49200000000000005,0.3580608805676242
544,-5.0,0.504,0.3555119171275152
545,-5.0,0.516,0.3565956857389154
546,-5.0,0.528,0.35592214530773775
547,-5.0,0.54,0.37174066149810076
548,-5.0,0.552,0.3644208583012193
549,-5.0,0.5640000000000001,0.35893553942070755
550,-5.0,0.5760000000000001,0.3568927509310989
551,-5.0,0.588,0.35786780159613063
552,-5.0,0.6,0.35640668914882473
553,-5.0,0.612,0.34038994884004325
554,-5.0,0.624,0.35814250171958295
555,-5.0,0.636,0.3363989083896683
556,-5.0,0.648,0.35013172344880944
557,-5.0,0.66,0.3534698294778636
558,-5.0,0.672,0.34811080424021484
559,-5.0,0.684,0.35144417089035646
560,-5.0,0.6960000000000001,0.35394568154423706
561,-5.0,0.708,0.3429658978615477
562,-5.0,0.72,0.33762188104187246
563,-5.0,0.732,0.33796133854296906
564,-5.0,0.7440000000000001,0.3349145965230681
565,-5.0,0.7559999999999999,0.33372039347050836
566,-5.0,0.768,0.34037885099948934
567,-5.0,0.78,0.3355016863780938
568,-5.0,0.792,0.3344920410256545
569,-5.0,0.804,0.33371458424677464
570,-5.0,0.8160000000000001,0.33632458397723486
571,-5.0,0.8280000000000001,0.331714090533282
572,-5.0,0.84,0.3301800263120437
573,-5.0,0.852,0.3300458161998844
574,-5.0,0.8640000000000001,0.32950427013585004
575,-5.0,0.8759999999999999,0.32848472955543
576,-5.0,0.888,0.3328005457876465
577,-5.0,0.9,0.32378943134310667
578,-5.0,0.912,0.3270327586857769
579,-5.0,0.924,0.326124995593168
580,-5.0,0.9359999999999999,0.3289350334424245
581,-5.0,0.948,0.3261901542586312
582,-5.0,0.96,0.31576933153549813
583,-5.0,0.972,0.3244224354514684
584,-5.0,0.9840000000000001,0.32881216125126034
585,-5.0,0.996,0.3313412042042467
586,-5.0,1.008,0.3191707621963332
587,-5.0,1.02,0.32437599245537224
588,-5.0,1.032,0.32652866851826556
589,-5.0,1.044,0.3272018526228624
590,-5.0,1.056,0.32798757079602847
591,-5.0,1.068,0.33688781955717795
592,-5.0,1.08,0.35338596694683094
593,-5.0,1.092,0.355418117057235
594,-5.0,1.104,0.3722154954243753
595,-5.0,1.1159999999999999,0.3807825120759096
596,-5.0,1.128,0.383774271544317
597,-5.0,1.14,0.39188613728473604
598,-5.0,1.152,0.4002974539373497
599,-5.0,1.1640000000000001,0.39748831345272617
600,-5.0,1.176,0.4020161953101689
601,-5.0,1.188,0.40342598553777875
602,-5.0,1.2,0.41443658842816167
603,-5.0,1.212,0.40204721685282135
604,-5.0,1.224,0.40891731329858794
605,-5.0,1.236,0.4128958516782599
606,-5.0,1.248,0.41792685325906637
607,-5.0,1.26,0.4125752108817142
608,-5.0,1.272,0.4227143473283687
609,-5.0,1.284,0.4218890080077487
610,-5.0,1.296,0.4222405179967101
611,-5.0,1.308,0.4283716733774815
612,-5.0,1.32,0.42483083848536507
613,-5.0,1.3319999999999999,0.4203894437202666
614,-5.0,1.344,0.4302419458240713
615,-5.0,1.3559999999999999,0.4235325432047429
616,-5.0,1.368,0.42307918508005626
617,-5.0,1.38,0.42672026657988144
618,-5.0,1.392,0.43229130489957895
619,-5.0,1.404,0.4311518230662971
620,-5.0,1.416,0.4336622974056317
621,-5.0,1.4280000000000002,0.4277446529023398
622,-5.0,1.44,0.42756478931979053
623,-5.0,1.452,0.42900163155151616
624,-5.0,1.464,0.43759161121660806
625,-5.0,1.476,0.42963655096927067
626,-5.0,1.4880000000000002,0.43390380891400837
627,-5.0,1.5,0.43723946704688377
628,-5.0,1.5119999999999998,0.43409060312790076
629,-5.0,1.524,0.421151039328585
630,-5.0,1.536,0.42268627187784746
631,-5.0,1.548,0.41999130731173373
632,-5.0,1.56,0.4155297043490459
633,-5.0,1.5719999999999998,0.41303712884580046
634,-5.0,1.584,0.41606691918388106
635,-5.0,1.5959999999999999,0.4138277720631626
636,-5.0,1.608,0.4056623624702896
637,-5.0,1.62,0.40403531603200515
638,-5.0,1.632,0.4051375335088939
639,-5.0,1.644,0.41043379666982704
640,-5.0,1.656,0.40629078180417594
641,-5.0,1.6680000000000001,0.4066548834773237
642,-5.0,1.68,0.40119547418536144
643,-5.0,1.692,0.4005452688977843
644,-5.0,1.704,0.3996509795771013
645,-5.0,1.716,0.3942919657657175
646,-5.0,1.7280000000000002,0.3736805771432692
647,-5.0,1.74,0.3868044283849573
648,-5.0,1.7519999999999998,0.38408489090481807
649,-5.0,1.764,0.39578012702867393
650,-5.0,1.776,0.38872755163793066
651,-5.0,1.788,0.3803488884602078
652,-5.0,1.8,0.3828937717417682
653,-5.0,1.8119999999999998,0.3827900786517837
654,-5.0,1.824,0.37983876349186596
655,-5.0,1.8359999999999999,0.38267963614689593
656,-5.0,1.848,0.3910990789148894
657,-5.0,1.86,0.37891370681108166
658,-5.0,1.8719999999999999,0.37825097954143716
659,-5.0,1.884,0.3791303343604713
660,-5.0,1.896,0.37578155001746516
661,-5.0,1.908,0.37645995753441147
662,-5.0,1.92,0.3786900131297874
663,-5.0,1.932,0.3779571739743963
664,-5.0,1.944,0.36793110878509955
665,-5.0,1.956,0.373333654004588
666,-5.0,1.9680000000000002,0.36814319655334754
667,-5.0,1.98,0.3803852599056784
668,-5.0,1.992,0.3686364068320164
669,-5.0,2.004,0.3736914052057987
670,-5.0,2.016,0.37088499481234743
671,-5.0,2.028,0.37826307848497004
672,-5.0,2.04,0.39406237536392236
673,-5.0,2.052,0.3936965468490564
674,-5.0,2.064,0.4029100423681416
675,-5.0,2.076,0.4009778068424296
676,-5.0,2.088,0.4077827013033851
677,-5.0,2.1,0.40457716729818405
678,-5.0,2.112,0.4179896997316673
679,-5.0,2.124,0.41608535269519675
680,-5.0,2.136,0.4185911356416471
681,-5.0,2.148,0.4231112641835466
682,-5.0,2.16,0.41723801929915805
683,-5.0,2.1719999999999997,0.42959504293586515
684,-5.0,2.184,0.43228545529082396
685,-5.0,2.1959999999999997,0.4224204777237019
686,-5.0,2.208,0.4361192323120733
687,-5.0,2.22,0.43524581947667096
688,-5.0,2.2319999999999998,0.43473629880057
689,-5.0,2.244,0.43600598624223785
690,-5.0,2.256,0.4296598124117851
691,-5.0,2.268,0.4342025630446934
692,-5.0,2.28,0.4333696904741925
693,-5.0,2.2920000000000003,0.42999253399898146
694,-5.0,2.3040000000000003,0.44059687588366386
695,-5.0,2.316,0.4381891060228678
696,-5.0,2.3280000000000003,0.44795533127120934
697,-5.0,2.34,0.4388412249920731
698,-5.0,2.352,0.4457572968063996
699,-5.0,2.364,0.4341588471147639
700,-5.0,2.376,0.4500710376341124
701,-5.0,2.388,0.4492616996835333
702,-5.0,2.4,0.43829609819881343
703,-5.0,2.412,0.4425082213606014
704,-5.0,2.424,0.4388439584750965
705,-5.0,2.436,0.44610750737966914
706,-5.0,2.448,0.4397561307635919
707,-5.0,2.46,0.4349946239007559
708,-5.0,2.472,0.44993857284888916
709,-5.0,2.484,0.45306469913984315
710,-5.0,2.496,0.4424734989168255
711,-5.0,2.508,0.4574412860807268
712,-5.0,2.52,0.437746745005417
713,-5.0,2.532,0.43927490209078923
714,-5.0,2.544,0.43280947079033794
715,-5.0,2.556,0.43252814016973284
716,-5.0,2.568,0.43612527048455857
717,-5.0,2.58,0.4275436389834063
718,-5.0,2.592,0.4110876943171394
719,-5.0,2.6039999999999996,0.42400197559232644
720,-5.0,2.616,0.41616433559670735
721,-5.0,2.628,0.411431216630753
722,-5.0,2.64,0.4133754753174507
723,-5.0,2.6519999999999997,0.41559967108361584
724,-5.0,2.6639999999999997,0.40757280021575093
725,-5.0,2.676,0.41334711751055925
726,-5.0,2.688,0.40912657910294054
727,-5.0,2.7,0.4087826991184926
728,-5.0,2.7119999999999997,0.4076834375613179
729,-5.0,2.7239999999999998,0.4083822727917346
730,-5.0,2.736,0.39862440968134905
731,-5.0,2.748,0.4062047990876286
732,-5.0,2.76,0.3976391600577118
733,-5.0,2.772,0.3956457496880806
734,-5.0,2.7840000000000003,0.40388685175250155
735,-5.0,2.7960000000000003,0.40403664266364553
736,-5.0,2.8080000000000003,0.40301022234577905
737,-5.0,2.82,0.40090130206186814
738,-5.0,2.832,0.39968164437755416
739,-5.0,2.844,0.39844074146126596
740,-5.0,2.8560000000000003,0.4004791499032872
741,-5.0,2.8680000000000003,0.3905602981684194
742,-5.0,2.88,0.3995641004370332
743,-5.0,2.892,0.3959582234710045
744,-5.0,2.904,0.3844905656035358
745,-5.0,2.9160000000000004,0.3804989391204357
746,-5.0,2.928,0.3899668775164713
747,-5.0,2.94,0.3873666190396294
748,-5.0,2.952,0.3908493297953862
749,-5.0,2.964,0.39061806194934207
750,-5.0,2.9760000000000004,0.377999310607311
751,-5.0,2.988,0.3842635499297778
752,-5.0,3.0,0.3863679523660077
753,-7.0,0.0,0.18244545281088767
754,-7.0,0.012,0.17165004370657275
755,-7.0,0.024,0.1813089987690382
756,-7.0,0.036000000000000004,0.17590645743501565
757,-7.0,0.048,0.17120896647405281
758,-7.0,0.06,0.17384387131502455
759,-7.0,0.07200000000000001,0.18241010481406209
760,-7.0,0.084,0.17177645998581845
761,-7.0,0.096,0.17320675283428216
762,-7.0,0.10800000000000001,0.18014377064148232
763,-7.0,0.12,0.18862957436041608
764,-7.0,0.132,0.17551678784108266
765,-7.0,0.14400000000000002,0.20486495032644877
766,-7.0,0.156,0.2639383512735396
767,-7.0,0.168,0.3209186103578092
768,-7.0,0.18,0.3456484435381317
769,-7.0,0.192,0.36042613034072857
770,-7.0,0.204,0.36962520972444257
771,-7.0,0.21600000000000003,0.3857564079990963
772,-7.0,0.228,0.40512322425002373
773,-7.0,0.24,0.41116364501939023
774,-7.0,0.252,0.40680203063446807
775,-7.0,0.264,0.4086286674401874
776,-7.0,0.276,0.40155065528630746
777,-7.0,0.28800000000000003,0.3974958725941314
778,-7.0,0.3,0.3859698667330851
779,-7.0,0.312,0.39400305683066333
780,-7.0,0.324,0.38777485774706344
781,-7.0,0.336,0.38472585760895606
782,-7.0,0.34800000000000003,0.3777702027551882
783,-7.0,0.36,0.37295368031574166
784,-7.0,0.37200000000000005,0.36566558301790936
785,-7.0,0.384,0.3845626952006084
786,-7.0,0.396,0.36709447765835473
787,-7.0,0.408,0.3690729192643729
788,-7.0,0.42,0.37088136035258124
789,-7.0,0.43200000000000005,0.3737160647532934
790,-7.0,0.444,0.3618253238832371
791,-7.0,0.456,0.3643883906883578
792,-7.0,0.46799999999999997,0.367585285123422
793,-7.0,0.48,0.3542761204139259
794,-7.0,0.49200000000000005,0.3631690268690113
795,-7.0,0.504,0.35567770685933336
796,-7.0,0.516,0.36474952591854176
797,-7.0,0.528,0.3509684777500056
798,-7.0,0.54,0.35282041624607247
799,-7.0,0.552,0.3544150745464097
800,-7.0,0.5640000000000001,0.35558954699592193
801,-7.0,0.5760000000000001,0.353701135104717
802,-7.0,0.588,0.3485313254659698
803,-7.0,0.6,0.3495049717662679
804,-7.0,0.612,0.3515676769110992
805,-7.0,0.624,0.34599324642450874
806,-7.0,0.636,0.3377344157446767
807,-7.0,0.648,0.33157292335065974
808,-7.0,0.66,0.35024928796572063
809,-7.0,0.672,0.3403752666826113
810,-7.0,0.684,0.3445499893599219
811,-7.0,0.6960000000000001,0.3474034127833879
812,-7.0,0.708,0.33797567204930373
813,-7.0,0.72,0.33727851643613443
814,-7.0,0.732,0.3301511229477592
815,-7.0,0.7440000000000001,0.34122853212727644
816,-7.0,0.7559999999999999,0.33221586628050215
817,-7.0,0.768,0.32558416975365717
818,-7.0,0.78,0.33835139365470385
819,-7.0,0.792,0.3390835279247936
820,-7.0,0.804,0.3347424235099189
821,-7.0,0.8160000000000001,0.33044427366955825
822,-7.0,0.8280000000000001,0.3329669865214906
823,-7.0,0.84,0.33132307014565315
824,-7.0,0.852,0.3254297642470615
825,-7.0,0.8640000000000001,0.3292270049476127
826,-7.0,0.8759999999999999,0.32563648566750963
827,-7.0,0.888,0.318582203629995
828,-7.0,0.9,0.3280102941304548
829,-7.0,0.912,0.32542937325524035
830,-7.0,0.924,0.32303873050005666
831,-7.0,0.9359999999999999,0.3268760895672787
832,-7.0,0.948,0.3224292161758895
833,-7.0,0.96,0.31962390720042416
834,-7.0,0.972,0.30775391831846377
835,-7.0,0.9840000000000001,0.3209199205181685
836,-7.0,0.996,0.3234253837048483
837,-7.0,1.008,0.31948496353871014
838,-7.0,1.02,0.31633443706718417
839,-7.0,1.032,0.32045456172653247
840,-7.0,1.044,0.3220838156134833
841,-7.0,1.056,0.32723601751335
842,-7.0,1.068,0.3274720404942133
843,-7.0,1.08,0.33123811706918704
844,-7.0,1.092,0.3382196853361169
845,-7.0,1.104,0.34173251048006853
846,-7.0,1.1159999999999999,0.348213127350541
847,-7.0,1.128,0.36331689664732214
848,-7.0,1.14,0.3675495172240435
849,-7.0,1.152,0.36949805649060574
850,-7.0,1.1640000000000001,0.38038433243726755
851,-7.0,1.176,0.3858445228018259
852,-7.0,1.188,0.3857930971925787
853,-7.0,1.2,0.38433023865099797
854,-7.0,1.212,0.3902673433801608
855,-7.0,1.224,0.40117970658732427
856,-7.0,1.236,0.3998247063551223
857,-7.0,1.248,0.40571613739772255
858,-7.0,1.26,0.40577653573302797
859,-7.0,1.272,0.40853428629757926
860,-7.0,1.284,0.4144872921709738
861,-7.0,1.296,0.4163453230656471
862,-7.0,1.308,0.42273581531022625
863,-7.0,1.32,0.4107434921952315
864,-7.0,1.3319999999999999,0.42296439325263274
865,-7.0,1.344,0.41662091245997074
866,-7.0,1.3559999999999999,0.42172780169677776
867,-7.0,1.368,0.42235943027590234
868,-7.0,1.38,0.4228779283474884
869,-7.0,1.392,0.4258330561768595
870,-7.0,1.404,0.4329531586931494
871,-7.0,1.416,0.42512139265178633
872,-7.0,1.4280000000000002,0.43688794868115355
873,-7.0,1.44,0.42615290403670353
874,-7.0,1.452,0.4344037280261112
875,-7.0,1.464,0.4355832013566105
876,-7.0,1.476,0.4350203203576358
877,-7.0,1.4880000000000002,0.43545890624976874
878,-7.0,1.5,0.43855104008477996
879,-7.0,1.5119999999999998,0.4303324419519497
880,-7.0,1.524,0.4270518811292809
881,-7.0,1.536,0.42238016553650265
882,-7.0,1.548,0.42245878314493995
883,-7.0,1.56,0.42988055963464444
884,-7.0,1.5719999999999998,0.4175306393697533
885,-7.0,1.584,0.414731314656095
886,-7.0,1.5959999999999999,0.41799570409597464
887,-7.0,1.608,0.40589146355112565
888,-7.0,1.62,0.411881396300782
889,-7.0,1.632,0.4026127911415524
890,-7.0,1.644,0.4204722653164713
891,-7.0,1.656,0.4090193401215118
892,-7.0,1.6680000000000001,0.3908533807339319
893,-7.0,1.68,0.38456302385099495
894,-7.0,1.692,0.39648475114400694
895,-7.0,1.704,0.3987152089763138
896,-7.0,1.716,0.39549818389334196
897,-7.0,1.7280000000000002,0.3873704418213726
898,-7.0,1.74,0.39477104687159204
899,-7.0,1.7519999999999998,0.38649447706056755
900,-7.0,1.764,0.38525158075239696
901,-7.0,1.776,0.3824695937463089
902,-7.0,1.788,0.393455716802648
903,-7.0,1.8,0.39034584571420017
904,-7.0,1.8119999999999998,0.38584225800149563
905,-7.0,1.824,0.38562686182489114
906,-7.0,1.8359999999999999,0.3867387004616808
907,-7.0,1.848,0.38462721010708834
908,-7.0,1.86,0.3783428240800344
909,-7.0,1.8719999999999999,0.38937040357467123
910,-7.0,1.884,0.36385265062174654
911,-7.0,1.896,0.3753656510677607
912,-7.0,1.908,0.3778384189855124
913,-7.0,1.92,0.3738686444917796
914,-7.0,1.932,0.37684554498033485
915,-7.0,1.944,0.3655379489133139
916,-7.0,1.956,0.371813639835231
917,-7.0,1.9680000000000002,0.3708949956626372
918,-7.0,1.98,0.36699759217386374
919,-7.0,1.992,0.3744220054959415
920,-7.0,2.004,0.3727759064787318
921,-7.0,2.016,0.36558068843352337
922,-7.0,2.028,0.3628135856657666
923,-7.0,2.04,0.3862151696257289
924,-7.0,2.052,0.3775093964873525
925,-7.0,2.064,0.38204090202339525
926,-7.0,2.076,0.3755742544756576
927,-7.0,2.088,0.38984225456647636
928,-7.0,2.1,0.40143463065564994
929,-7.0,2.112,0.41046220561995783
930,-7.0,2.124,0.40913922243244993
931,-7.0,2.136,0.4029518919839705
932,-7.0,2.148,0.4172933553426455
933,-7.0,2.16,0.41349276766961207
934,-7.0,2.1719999999999997,0.4205731133629302
935,-7.0,2.184,0.42482168504225115
936,-7.0,2.1959999999999997,0.4254738427789279
937,-7.0,2.208,0.4268235790922683
938,-7.0,2.22,0.42323842679856943
939,-7.0,2.2319999999999998,0.4369785169659342
940,-7.0,2.244,0.43396097027019453
941,-7.0,2.256,0.42901452738765544
942,-7.0,2.268,0.4388288667812713
943,-7.0,2.28,0.4266461151047547
944,-7.0,2.2920000000000003,0.4381784343454389
945,-7.0,2.3040000000000003,0.43481450016008183
946,-7.0,2.316,0.433285374351432
947,-7.0,2.3280000000000003,0.4335093931706375
948,-7.0,2.34,0.43898989039723507
949,-7.0,2.352,0.4359367571117818
950,-7.0,2.364,0.429378399310284
951,-7.0,2.376,0.44415509397506797
952,-7.0,2.388,0.436298318443683
953,-7.0,2.4,0.4465231968236451
954,-7.0,2.412,0.4449416468706914
955,-7.0,2.424,0.4390443542518726
956,-7.0,2.436,0.44039092744801733
957,-7.0,2.448,0.4392984472765723
958,-7.0,2.46,0.4456272854871083
959,-7.0,2.472,0.4377343920292972
960,-7.0,2.484,0.4432350877966616
961,-7.0,2.496,0.4523345761672605
962,-7.0,2.508,0.43022335806621126
963,-7.0,2.52,0.43136991529339086
964,-7.0,2.532,0.43023593396630516
965,-7.0,2.544,0.41976084289174526
966,-7.0,2.556,0.42232840247982156
967,-7.0,2.568,0.4383105673764914
968,-7.0,2.58,0.42767547249386795
969,-7.0,2.592,0.4210531360735774
970,-7.0,2.6039999999999996,0.42231601387132744
971,-7.0,2.616,0.4214260958616308
972,-7.0,2.628,0.4096116531025041
973,-7.0,2.64,0.4136912385568716
974,-7.0,2.6519999999999997,0.41569977479161624
975,-7.0,2.6639999999999997,0.4072091013892067
976,-7.0,2.676,0.4210624589345372
977,-7.0,2.688,0.4112436646099417
978,-7.0,2.7,0.41193015802174193
979,-7.0,2.7119999999999997,0.4070297564705991
980,-7.0,2.7239999999999998,0.41759225507195996
981,-7.0,2.736,0.40280884351360674
982,-7.0,2.748,0.4211699114760263
983,-7.0,2.76,0.4097276398956802
984,-7.0,2.772,0.3941934131642497
985,-7.0,2.7840000000000003,0.4019258493236364
986,-7.0,2.7960000000000003,0.3971309028771848
987,-7.0,2.8080000000000003,0.40110434049792815
988,-7.0,2.82,0.41025597098390953
989,-7.0,2.832,0.3972090112636324
990,-7.0,2.844,0.39825017267783663
991,-7.0,2.8560000000000003,0.38357728280886344
992,-7.0,2.8680000000000003,0.39468112387643767
993,-7.0,2.88,0.3965550921155078
994,-7.0,2.892,0.4027263987249103
995,-7.0,2.904,0.3966983550563399
996,-7.0,2.9160000000000004,0.39363510345310415
997,-7.0,2.928,0.399801738054083
998,-7.0,2.94,0.3963453819258024
999,-7.0,2.952,0.3921121388698261
1000,-7.0,2.964,0.39822484850795
1001,-7.0,2.9760000000000004,0.38745415984491105
1002,-7.0,2.988,0.3894651720334179
1003,-7.0,3.0,0.3873962244649793
1004,-9.0,0.0,0.1767841152651341
1005,-9.0,0.012,0.177644491962035
1006,-9.0,0.024,0.17872497456484315
1007,-9.0,0.036000000000000004,0.17586548677409997
1008,-9.0,0.048,0.18188830423367391
1009,-9.0,0.06,0.17599003144083675
1010,-9.0,0.07200000000000001,0.18218978009594358
1011,-9.0,0.084,0.17369372996081203
1012,-9.0,0.096,0.1734238484436827
1013,-9.0,0.10800000000000001,0.18263584404336355
1014,-9.0,0.12,0.18199586799056164
1015,-9.0,0.132,0.16776098684902865
1016,-9.0,0.14400000000000002,0.17481578826651428
1017,-9.0,0.156,0.16948496132655969
1018,-9.0,0.168,0.18061527413294423
1019,-9.0,0.18,0.17255165685356594
1020,-9.0,0.192,0.18743179551559055
1021,-9.0,0.204,0.24950772223630466
1022,-9.0,0.21600000000000003,0.30636730231060494
1023,-9.0,0.228,0.3307694655904407
1024,-9.0,0.24,0.3510426260017302
1025,-9.0,0.252,0.3677610157586223
1026,-9.0,0.264,0.37098970532813724
1027,-9.0,0.276,0.3743756471682082
1028,-9.0,0.28800000000000003,0.36055936249303433
1029,-9.0,0.3,0.3735039343997205
1030,-9.0,0.312,0.36802440869934167
1031,-9.0,0.324,0.3656808902184635
1032,-9.0,0.336,0.3637331100224297
1033,-9.0,0.34800000000000003,0.3633820738916588
1034,-9.0,0.36,0.3659353823956531
1035,-9.0,0.37200000000000005,0.3673235012382253
1036,-9.0,0.384,0.36410272388522785
1037,-9.0,0.396,0.3695558899002635
1038,-9.0,0.408,0.3509526801385717
1039,-9.0,0.42,0.35246618539985247
1040,-9.0,0.43200000000000005,0.35182473055067504
1041,-9.0,0.444,0.3514509091180855
1042,-9.0,0.456,0.34987491312461316
1043,-9.0,0.46799999999999997,0.34818534491848313
1044,-9.0,0.48,0.35703285821394226
1045,-9.0,0.49200000000000005,0.35620643606847086
1046,-9.0,0.504,0.34965754863985643
1047,-9.0,0.516,0.33602609701046027
1048,-9.0,0.528,0.34656359794092945
1049,-9.0,0.54,0.34720779496275483
1050,-9.0,0.552,0.343442071376197
1051,-9.0,0.5640000000000001,0.3378876867575234
1052,-9.0,0.5760000000000001,0.3442130502651983
1053,-9.0,0.588,0.3403845345165183
1054,-9.0,0.6,0.32578698710925513
1055,-9.0,0.612,0.33945929871241076
1056,-9.0,0.624,0.34718984448520973
1057,-9.0,0.636,0.3330360164417059
1058,-9.0,0.648,0.3359160117929342
1059,-9.0,0.66,0.3423125796496539
1060,-9.0,0.672,0.3285760009129206
1061,-9.0,0.684,0.3384241346977951
1062,-9.0,0.6960000000000001,0.33405927428614446
1063,-9.0,0.708,0.3328860139413949
1064,-9.0,0.72,0.33417400243412415
1065,-9.0,0.732,0.3387486409093991
1066,-9.0,0.7440000000000001,0.33002898891506266
1067,-9.0,0.7559999999999999,0.3301804811306164
1068,-9.0,0.768,0.3343855576918654
1069,-9.0,0.78,0.3266885961617475
1070,-9.0,0.792,0.3239285223026788
1071,-9.0,0.804,0.3240191553506816
1072,-9.0,0.8160000000000001,0.3386383828994439
1073,-9.0,0.8280000000000001,0.3263338975454741
1074,-9.0,0.84,0.3316230407198418
1075,-9.0,0.852,0.32648292687984704
1076,-9.0,0.8640000000000001,0.3229135790043879
1077,-9.0,0.8759999999999999,0.328571555747081
1078,-9.0,0.888,0.318925662536585
1079,-9.0,0.9,0.32399182705742624
1080,-9.0,0.912,0.31997488221908477
1081,-9.0,0.924,0.317789041470795
1082,-9.0,0.9359999999999999,0.31615962567084727
1083,-9.0,0.948,0.31700636716126096
1084,-9.0,0.96,0.3193520063019736
1085,-9.0,0.972,0.31538795662202984
1086,-9.0,0.9840000000000001,0.3232421591617008
1087,-9.0,0.996,0.3115889632996517
1088,-9.0,1.008,0.3198626718959975
1089,-9.0,1.02,0.3247056071530586
1090,-9.0,1.032,0.3140211280968068
1091,-9.0,1.044,0.31927250403179525
1092,-9.0,1.056,0.322015410524778
1093,-9.0,1.068,0.32078618747076476
1094,-9.0,1.08,0.3137535994547664
1095,-9.0,1.092,0.3175626646603757
1096,-9.0,1.104,0.32563100174625315
1097,-9.0,1.1159999999999999,0.32544113682829323
1098,-9.0,1.128,0.3377467155852771
1099,-9.0,1.14,0.3348362364152602
1100,-9.0,1.152,0.3439076230935069
1101,-9.0,1.1640000000000001,0.35120976628204365
1102,-9.0,1.176,0.36045975101368255
1103,-9.0,1.188,0.36913754260899007
1104,-9.0,1.2,0.3653122857145555
1105,-9.0,1.212,0.3677607918561054
1106,-9.0,1.224,0.37872861326398444
1107,-9.0,1.236,0.38075828076951285
1108,-9.0,1.248,0.3890346774412097
1109,-9.0,1.26,0.39175603697267325
1110,-9.0,1.272,0.3852233771805231
1111,-9.0,1.284,0.39733070376582247
1112,-9.0,1.296,0.41181469284777134
1113,-9.0,1.308,0.40215867878435624
1114,-9.0,1.32,0.4155422065377328
1115,-9.0,1.3319999999999999,0.41118077021033284
1116,-9.0,1.344,0.4071143786427133
1117,-9.0,1.3559999999999999,0.4101648533810622
1118,-9.0,1.368,0.4159497071014082
1119,-9.0,1.38,0.41433961254136814
1120,-9.0,1.392,0.4177349494019263
1121,-9.0,1.404,0.4222833676958321
1122,-9.0,1.416,0.4185955168317221
1123,-9.0,1.4280000000000002,0.41963912640002754
1124,-9.0,1.44,0.4260679324485852
1125,-9.0,1.452,0.43481433100776323
1126,-9.0,1.464,0.42335090876334486
1127,-9.0,1.476,0.42675089592967685
1128,-9.0,1.4880000000000002,0.42148790808614794
1129,-9.0,1.5,0.43489414420957734
1130,-9.0,1.5119999999999998,0.4332497177232559
1131,-9.0,1.524,0.4216185056497674
1132,-9.0,1.536,0.4250694602147575
1133,-9.0,1.548,0.4196266644333284
1134,-9.0,1.56,0.4126513625772357
1135,-9.0,1.5719999999999998,0.42188580540978554
1136,-9.0,1.584,0.41475362750570754
1137,-9.0,1.5959999999999999,0.41116740575870403
1138,-9.0,1.608,0.4085702319413805
1139,-9.0,1.62,0.4101147756617577
1140,-9.0,1.632,0.4075282341961338
1141,-9.0,1.644,0.40512108703356464
1142,-9.0,1.656,0.4008679187622403
1143,-9.0,1.6680000000000001,0.3974366277791652
1144,-9.0,1.68,0.39524526663390447
1145,-9.0,1.692,0.3922147280889462
1146,-9.0,1.704,0.39086809965682284
1147,-9.0,1.716,0.39691047048469075
1148,-9.0,1.7280000000000002,0.39389950904163357
1149,-9.0,1.74,0.3910593353236101
1150,-9.0,1.7519999999999998,0.3876251207392961
1151,-9.0,1.764,0.3827614044586678
1152,-9.0,1.776,0.39540212258004526
1153,-9.0,1.788,0.37525714028512186
1154,-9.0,1.8,0.3864758625104893
1155,-9.0,1.8119999999999998,0.3874427398382848
1156,-9.0,1.824,0.38316366899612003
1157,-9.0,1.8359999999999999,0.3824897987055812
1158,-9.0,1.848,0.3753453850483795
1159,-9.0,1.86,0.3695008292899486
1160,-9.0,1.8719999999999999,0.390927516792113
1161,-9.0,1.884,0.3841055884268876
1162,-9.0,1.896,0.37807505528101254
1163,-9.0,1.908,0.36976071309039693
1164,-9.0,1.92,0.3746128257944752
1165,-9.0,1.932,0.38198368198837923
1166,-9.0,1.944,0.37568213894420116
1167,-9.0,1.956,0.378673421577363
1168,-9.0,1.9680000000000002,0.3671600109922078
1169,-9.0,1.98,0.3808522857136903
1170,-9.0,1.992,0.3682345215270615
1171,-9.0,2.004,0.3716580067588949
1172,-9.0,2.016,0.3775533455425088
1173,-9.0,2.028,0.3645522044292739
1174,-9.0,2.04,0.3686112129790338
1175,-9.0,2.052,0.3718997599768597
1176,-9.0,2.064,0.3623298993075483
1177,-9.0,2.076,0.37781132902440256
1178,-9.0,2.088,0.38649063635217007
1179,-9.0,2.1,0.395400801910251
1180,-9.0,2.112,0.3934785475907893
1181,-9.0,2.124,0.3986573633721652
1182,-9.0,2.136,0.4093349996780586
1183,-9.0,2.148,0.39850717128779983
1184,-9.0,2.16,0.40853030056227685
1185,-9.0,2.1719999999999997,0.4113103683449538
1186,-9.0,2.184,0.423878101703858
1187,-9.0,2.1959999999999997,0.4120083014243422
1188,-9.0,2.208,0.4200514768820545
1189,-9.0,2.22,0.4223218634786018
1190,-9.0,2.2319999999999998,0.4213893165353111
1191,-9.0,2.244,0.4196322197122124
1192,-9.0,2.256,0.4299215860336595
1193,-9.0,2.268,0.4264552678051219
1194,-9.0,2.28,0.43114752992587524
1195,-9.0,2.2920000000000003,0.4322548909108284
1196,-9.0,2.3040000000000003,0.4332380873935952
1197,-9.0,2.316,0.42749997493903374
1198,-9.0,2.3280000000000003,0.43459088245069755
1199,-9.0,2.34,0.437241023428021
1200,-9.0,2.352,0.43011388494917285
1201,-9.0,2.364,0.43355878685509824
1202,-9.0,2.376,0.4315273497965504
1203,-9.0,2.388,0.44108796412603773
1204,-9.0,2.4,0.4378660194755823
1205,-9.0,2.412,0.4467578109707488
1206,-9.0,2.424,0.44666535679059616
1207,-9.0,2.436,0.439559711964418
1208,-9.0,2.448,0.4337378128981077
1209,-9.0,2.46,0.4394777793673513
1210,-9.0,2.472,0.43936333793905374
1211,-9.0,2.484,0.44769410241576335
1212,-9.0,2.496,0.43644695975320597
1213,-9.0,2.508,0.4388103609882068
1214,-9.0,2.52,0.4348616027328705
1215,-9.0,2.532,0.44315824428709294
1216,-9.0,2.544,0.43402640769200157
1217,-9.0,2.556,0.43212783541188715
1218,-9.0,2.568,0.4301025288827039
1219,-9.0,2.58,0.42853296771269417
1220,-9.0,2.592,0.4204944587314806
1221,-9.0,2.6039999999999996,0.420105000539257
1222,-9.0,2.616,0.4211737459684596
1223,-9.0,2.628,0.4263979411110576
1224,-9.0,2.64,0.419477457089798
1225,-9.0,2.6519999999999997,0.41466453780300233
1226,-9.0,2.6639999999999997,0.40736882062124147
1227,-9.0,2.676,0.4141151744102729
1228,-9.0,2.688,0.41420661409765064
1229,-9.0,2.7,0.40808588035341514
1230,-9.0,2.7119999999999997,0.41334979881476663
1231,-9.0,2.7239999999999998,0.4102678962651324
1232,-9.0,2.736,0.4112977521488896
1233,-9.0,2.748,0.399662877436467
1234,-9.0,2.76,0.40889438031124237
1235,-9.0,2.772,0.4028589175880623
1236,-9.0,2.7840000000000003,0.4028347094792167
1237,-9.0,2.7960000000000003,0.3936849886388996
1238,-9.0,2.8080000000000003,0.40130053866071186
1239,-9.0,2.82,0.40239194091543173
1240,-9.0,2.832,0.4010783932046832
1241,-9.0,2.844,0.4041670221321716
1242,-9.0,2.8560000000000003,0.39375444926457426
1243,-9.0,2.8680000000000003,0.3948778913045432
1244,-9.0,2.88,0.3978898482102876
1245,-9.0,2.892,0.39869727929941107
1246,-9.0,2.904,0.3935595004824186
1247,-9.0,2.9160000000000004,0.4001880514739641
1248,-9.0,2.928,0.39188260618871557
1249,-9.0,2.94,0.39360139801488364
1250,-9.0,2.952,0.3961635263688181
1251,-9.0,2.964,0.3882396314029797
1252,-9.0,2.9760000000000004,0.38088502586064854
1253,-9.0,2.988,0.3886579977437666
1254,-9.0,3.0,0.3863258592829926
1255,-11.0,0.0,0.18813779480213283
1256,-11.0,0.012,0.18509583564805407
1257,-11.0,0.024,0.17848169255605223
1258,-11.0,0.036000000000000004,0.17473741976907198
1259,-11.0,0.048,0.173639125527936
1260,-11.0,0.06,0.17126714894690337
1261,-11.0,0.07200000000000001,0.17263733666785427
1262,-11.0,0.084,0.17381977953394723
1263,-11.0,0.096,0.18096491996692432
1264,-11.0,0.10800000000000001,0.184085150352759
1265,-11.0,0.12,0.1748642455823048
1266,-11.0,0.132,0.1673022156222939
1267,-11.0,0.14400000000000002,0.17634636264807418
1268,-11.0,0.156,0.17062242070432465
1269,-11.0,0.168,0.1807534737383475
1270,-11.0,0.18,0.17980900455234183
1271,-11.0,0.192,0.18304992089840455
1272,-11.0,0.204,0.18024418888503552
1273,-11.0,0.21600000000000003,0.174509430421831
1274,-11.0,0.228,0.18688662792746644
1275,-11.0,0.24,0.1701420670127073
1276,-11.0,0.252,0.22508344492947038
1277,-11.0,0.264,0.2854523828763339
1278,-11.0,0.276,0.3092768670161039
1279,-11.0,0.28800000000000003,0.32202303553272216
1280,-11.0,0.3,0.32666197441830275
1281,-11.0,0.312,0.32284356219507393
1282,-11.0,0.324,0.3350777276057532
1283,-11.0,0.336,0.33000892976846075
1284,-11.0,0.34800000000000003,0.3447415330366687
1285,-11.0,0.36,0.34189553160579944
1286,-11.0,0.37200000000000005,0.3310296510617508
1287,-11.0,0.384,0.3417601605625384
1288,-11.0,0.396,0.3411876593775686
1289,-11.0,0.408,0.3345453610277119
1290,-11.0,0.42,0.33341571814290105
1291,-11.0,0.43200000000000005,0.3392889603285572
1292,-11.0,0.444,0.33332319419836504
1293,-11.0,0.456,0.3242628449766328
1294,-11.0,0.46799999999999997,0.3356829598401817
1295,-11.0,0.48,0.33934618563313745
1296,-11.0,0.49200000000000005,0.32939020695987686
1297,-11.0,0.504,0.3238885955288634
1298,-11.0,0.516,0.3284830878501596
1299,-11.0,0.528,0.333381756602968
1300,-11.0,0.54,0.32903788199317924
1301,-11.0,0.552,0.3351288610365185
1302,-11.0,0.5640000000000001,0.3248775429624471
1303,-11.0,0.5760000000000001,0.3225910030924497
1304,-11.0,0.588,0.334415805081373
1305,-11.0,0.6,0.3275192968106203
1306,-11.0,0.612,0.3329647957153175
1307,-11.0,0.624,0.3260286419535742
1308,-11.0,0.636,0.32826873989509847
1309,-11.0,0.648,0.3166948097525465
1310,-11.0,0.66,0.31935938434119565
1311,-11.0,0.672,0.31769938079492915
1312,-11.0,0.684,0.32213305728845576
1313,-11.0,0.6960000000000001,0.32187994559221944
1314,-11.0,0.708,0.32497407637960507
1315,-11.0,0.72,0.3224385109796464
1316,-11.0,0.732,0.32420925912433113
1317,-11.0,0.7440000000000001,0.32304701497550825
1318,-11.0,0.7559999999999999,0.31826768237164826
1319,-11.0,0.768,0.3218320458851473
1320,-11.0,0.78,0.32626371125216375
1321,-11.0,0.792,0.31285417287378214
1322,-11.0,0.804,0.31675186888784423
1323,-11.0,0.8160000000000001,0.31734930099310293
1324,-11.0,0.8280000000000001,0.31321518534370096
1325,-11.0,0.84,0.30571464794856035
1326,-11.0,0.852,0.31602194659495264
1327,-11.0,0.8640000000000001,0.3119002487423831
1328,-11.0,0.8759999999999999,0.3224554527024936
1329,-11.0,0.888,0.3235712651472827
1330,-11.0,0.9,0.3219473057927197
1331,-11.0,0.912,0.31062797831215394
1332,-11.0,0.924,0.31198932727306533
1333,-11.0,0.9359999999999999,0.30310814159131205
1334,-11.0,0.948,0.31716129794302694
1335,-11.0,0.96,0.3124449329828306
1336,-11.0,0.972,0.31011417149424686
1337,-11.0,0.9840000000000001,0.3094489454714013
1338,-11.0,0.996,0.30982507141365545
1339,-11.0,1.008,0.30618408565083377
1340,-11.0,1.02,0.3182164602584207
1341,-11.0,1.032,0.30755425934162584
1342,-11.0,1.044,0.3169973094282457
1343,-11.0,1.056,0.31329482770274175
1344,-11.0,1.068,0.31106676862778887
1345,-11.0,1.08,0.3158374045273645
1346,-11.0,1.092,0.3138992693247406
1347,-11.0,1.104,0.303219915567399
1348,-11.0,1.1159999999999999,0.30690690026042666
1349,-11.0,1.128,0.3111559177409797
1350,-11.0,1.14,0.3154114378756525
1351,-11.0,1.152,0.3144202255975703
1352,-11.0,1.1640000000000001,0.3284359459053338
1353,-11.0,1.176,0.3357613252142639
1354,-11.0,1.188,0.3362169021238023
1355,-11.0,1.2,0.338932135341878
1356,-11.0,1.212,0.33901892508996084
1357,-11.0,1.224,0.34914085886261687
1358,-11.0,1.236,0.3615359795269437
1359,-11.0,1.248,0.36777612473119836
1360,-11.0,1.26,0.37606373348614464
1361,-11.0,1.272,0.3617296704082962
1362,-11.0,1.284,0.3721319418824778
1363,-11.0,1.296,0.37567231973002524
1364,-11.0,1.308,0.3919627170859924
1365,-11.0,1.32,0.38897136571800284
1366,-11.0,1.3319999999999999,0.3826408527470343
1367,-11.0,1.344,0.40645908493805405
1368,-11.0,1.3559999999999999,0.39966089171551555
1369,-11.0,1.368,0.3918653533564791
1370,-11.0,1.38,0.40844562469473944
1371,-11.0,1.392,0.40650909286131914
1372,-11.0,1.404,0.4076957683729827
1373,-11.0,1.416,0.41022226183908367
1374,-11.0,1.4280000000000002,0.40647237951717013
1375,-11.0,1.44,0.4186135202964608
1376,-11.0,1.452,0.4148044245170298
1377,-11.0,1.464,0.41927323391167753
1378,-11.0,1.476,0.4178087426528798
1379,-11.0,1.4880000000000002,0.41832654275532294
1380,-11.0,1.5,0.41970761406749807
1381,-11.0,1.5119999999999998,0.4185482847528188
1382,-11.0,1.524,0.41462432200297356
1383,-11.0,1.536,0.41222919309597283
1384,-11.0,1.548,0.41693482409841987
1385,-11.0,1.56,0.41636952816517775
1386,-11.0,1.5719999999999998,0.41201461054358224
1387,-11.0,1.584,0.41184625964048943
1388,-11.0,1.5959999999999999,0.40707950966394785
1389,-11.0,1.608,0.4001374579430418
1390,-11.0,1.62,0.40646729371525264
1391,-11.0,1.632,0.4043434404540325
1392,-11.0,1.644,0.4016629839310499
1393,-11.0,1.656,0.39906782578895994
1394,-11.0,1.6680000000000001,0.40185213964453315
1395,-11.0,1.68,0.3978005333547295
1396,-11.0,1.692,0.40145122195760363
1397,-11.0,1.704,0.39365524079397124
1398,-11.0,1.716,0.3840101896520632
1399,-11.0,1.7280000000000002,0.387054822111762
1400,-11.0,1.74,0.38241063200895875
1401,-11.0,1.7519999999999998,0.3868907516358853
1402,-11.0,1.764,0.38033324538421615
1403,-11.0,1.776,0.38280502984748727
1404,-11.0,1.788,0.3770492097523537
1405,-11.0,1.8,0.38264709083004417
1406,-11.0,1.8119999999999998,0.388222400817507
1407,-11.0,1.824,0.38350767373643024
1408,-11.0,1.8359999999999999,0.38223684430576094
1409,-11.0,1.848,0.37815533501299603
1410,-11.0,1.86,0.37551484898766363
1411,-11.0,1.8719999999999999,0.3776036849693496
1412,-11.0,1.884,0.3806924152970361
1413,-11.0,1.896,0.37664499759373665
1414,-11.0,1.908,0.38270152120661005
1415,-11.0,1.92,0.37924106538343516
1416,-11.0,1.932,0.3690778080220015
1417,-11.0,1.944,0.3771797139826062
1418,-11.0,1.956,0.3753341784616847
1419,-11.0,1.9680000000000002,0.3776780024470544
1420,-11.0,1.98,0.37449499587062995
1421,-11.0,1.992,0.37115916705421387
1422,-11.0,2.004,0.37282659376763927
1423,-11.0,2.016,0.37279914431124656
1424,-11.0,2.028,0.37456153341977155
1425,-11.0,2.04,0.36941015303673663
1426,-11.0,2.052,0.36608139539347795
1427,-11.0,2.064,0.36971624059915714
1428,-11.0,2.076,0.3675822804211082
1429,-11.0,2.088,0.3734471743320999
1430,-11.0,2.1,0.37927281990240186
1431,-11.0,2.112,0.39011424971858355
1432,-11.0,2.124,0.38563908956567416
1433,-11.0,2.136,0.3908333222958692
1434,-11.0,2.148,0.39426571151915946
1435,-11.0,2.16,0.3996308557532714
1436,-11.0,2.1719999999999997,0.40028314317051594
1437,-11.0,2.184,0.4067383707081283
1438,-11.0,2.1959999999999997,0.41881137666271023
1439,-11.0,2.208,0.4055402439488123
1440,-11.0,2.22,0.4128070284656903
1441,-11.0,2.2319999999999998,0.41761254399716025
1442,-11.0,2.244,0.41710252780008295
1443,-11.0,2.256,0.4246739118026064
1444,-11.0,2.268,0.43148959194835607
1445,-11.0,2.28,0.42146539346075856
1446,-11.0,2.2920000000000003,0.42100904866731187
1447,-11.0,2.3040000000000003,0.43240928508750387
1448,-11.0,2.316,0.43142236220358166
1449,-11.0,2.3280000000000003,0.427455907699075
1450,-11.0,2.34,0.4365927932002002
1451,-11.0,2.352,0.43293263121367653
1452,-11.0,2.364,0.431268034212493
1453,-11.0,2.376,0.42600026912495625
1454,-11.0,2.388,0.43571092058473304
1455,-11.0,2.4,0.42838562605047115
1456,-11.0,2.412,0.4286900285353926
1457,-11.0,2.424,0.43229819139024533
1458,-11.0,2.436,0.4409399439902812
1459,-11.0,2.448,0.4372697680915325
1460,-11.0,2.46,0.4422690273433451
1461,-11.0,2.472,0.43919738861537216
1462,-11.0,2.484,0.4516472788015417
1463,-11.0,2.496,0.43593155967800745
1464,-11.0,2.508,0.43810381716290664
1465,-11.0,2.52,0.44084332175984403
1466,-11.0,2.532,0.4328516035859911
1467,-11.0,2.544,0.42779347341585555
1468,-11.0,2.556,0.42065896470968756
1469,-11.0,2.568,0.43088587162091785
1470,-11.0,2.58,0.42785923679626836
1471,-11.0,2.592,0.4252083598145161
1472,-11.0,2.6039999999999996,0.42308287209596346
1473,-11.0,2.616,0.42092874980061346
1474,-11.0,2.628,0.4210739510544522
1475,-11.0,2.64,0.41488438408992684
1476,-11.0,2.6519999999999997,0.4183939839543768
1477,-11.0,2.6639999999999997,0.4197939362297164
1478,-11.0,2.676,0.42238553997272943
1479,-11.0,2.688,0.41333874456387926
1480,-11.0,2.7,0.41299386239206143
1481,-11.0,2.7119999999999997,0.41252817468907377
1482,-11.0,2.7239999999999998,0.4228164203443761
1483,-11.0,2.736,0.4167033305493856
1484,-11.0,2.748,0.40201525852364206
1485,-11.0,2.76,0.40373041859491005
1486,-11.0,2.772,0.40411346350075655
1487,-11.0,2.7840000000000003,0.4051639982793055
1488,-11.0,2.7960000000000003,0.39979883569915875
1489,-11.0,2.8080000000000003,0.39897399235739395
1490,-11.0,2.82,0.39664102260140705
1491,-11.0,2.832,0.3954550415443789
1492,-11.0,2.844,0.3951987064532709
1493,-11.0,2.8560000000000003,0.4000907178280089
1494,-11.0,2.8680000000000003,0.3920969860750399
1495,-11.0,2.88,0.3979827536546364
1496,-11.0,2.892,0.3945812104708957
1497,-11.0,2.904,0.3951924498562878
1498,-11.0,2.9160000000000004,0.3975923051238702
1499,-11.0,2.928,0.3932398977859889
1500,-11.0,2.94,0.39316117330519357
1501,-11.0,2.952,0.3892392416314493
1502,-11.0,2.964,0.39488673650781164
1503,-11.0,2.9760000000000004,0.39190988718003167
1504,-11.0,2.988,0.386494346767112
1505,-11.0,3.0,0.38929096095391136
1506,-13.0,0.0,0.1749504196277734
1507,-13.0,0.012,0.17903533047329245
1508,-13.0,0.024,0.1882809111431657
1509,-13.0,0.036000000000000004,0.17573680719815718
1510,-13.0,0.048,0.18340316145387445
1511,-13.0,0.06,0.17952738213202438
1512,-13.0,0.07200000000000001,0.1849036735230188
1513,-13.0,0.084,0.18627667907735668
1514,-13.0,0.096,0.18120122131687905
1515,-13.0,0.10800000000000001,0.18238820800917088
1516,-13.0,0.12,0.1921573180366996
1517,-13.0,0.132,0.17992143944421457
1518,-13.0,0.14400000000000002,0.18138938538317126
1519,-13.0,0.156,0.19045854969030968
1520,-13.0,0.168,0.17895116911471837
1521,-13.0,0.18,0.18317969836017484
1522,-13.0,0.192,0.17757648889386146
1523,-13.0,0.204,0.17905630447578733
1524,-13.0,0.21600000000000003,0.17553906683995685
1525,-13.0,0.228,0.17485184803580642
1526,-13.0,0.24,0.18060118669599898
1527,-13.0,0.252,0.1763148363450391
1528,-13.0,0.264,0.17414606691217063
1529,-13.0,0.276,0.17517602880850636
1530,-13.0,0.28800000000000003,0.17519394626084836
1531,-13.0,0.3,0.18266560852871053
1532,-13.0,0.312,0.20023680281048456
1533,-13.0,0.324,0.2293795376262682
1534,-13.0,0.336,0.24951276103464168
1535,-13.0,0.34800000000000003,0.2612910478870934
1536,-13.0,0.36,0.273809667638459
1537,-13.0,0.37200000000000005,0.277429460757657
1538,-13.0,0.384,0.2846638616379835
1539,-13.0,0.396,0.2882420517844441
1540,-13.0,0.408,0.2920074072587275
1541,-13.0,0.42,0.288355993510942
1542,-13.0,0.43200000000000005,0.29573343223443577
1543,-13.0,0.444,0.29802690328460435
1544,-13.0,0.456,0.2964246821594986
1545,-13.0,0.46799999999999997,0.3095397829572555
1546,-13.0,0.48,0.3016805603121307
1547,-13.0,0.49200000000000005,0.3012962334772941
1548,-13.0,0.504,0.3031199539248097
1549,-13.0,0.516,0.30820645840386773
1550,-13.0,0.528,0.308852326795523
1551,-13.0,0.54,0.30745679667660786
1552,-13.0,0.552,0.3018963488757602
1553,-13.0,0.5640000000000001,0.31220472663244375
1554,-13.0,0.5760000000000001,0.3027703405961989
1555,-13.0,0.588,0.3053903872439768
1556,-13.0,0.6,0.30709074973428874
1557,-13.0,0.612,0.29758823199303724
1558,-13.0,0.624,0.3070919419450245
1559,-13.0,0.636,0.29992378596232894
1560,-13.0,0.648,0.3101993704217037
1561,-13.0,0.66,0.3131028260102233
1562,-13.0,0.672,0.30532352320849543
1563,-13.0,0.684,0.3024398976604143
1564,-13.0,0.6960000000000001,0.3022041373646756
1565,-13.0,0.708,0.30706380119829135
1566,-13.0,0.72,0.3066564571667928
1567,-13.0,0.732,0.3167312053702754
1568,-13.0,0.7440000000000001,0.304726843091143
1569,-13.0,0.7559999999999999,0.3175282638512418
1570,-13.0,0.768,0.30883989602431466
1571,-13.0,0.78,0.3076296760046124
1572,-13.0,0.792,0.30527217126750633
1573,-13.0,0.804,0.3108738698802197
1574,-13.0,0.8160000000000001,0.2942551673800073
1575,-13.0,0.8280000000000001,0.30385133771651845
1576,-13.0,0.84,0.308245230752263
1577,-13.0,0.852,0.3083864940269144
1578,-13.0,0.8640000000000001,0.3059317612600743
1579,-13.0,0.8759999999999999,0.30564020905372397
1580,-13.0,0.888,0.30588785269936336
1581,-13.0,0.9,0.29826724796892057
1582,-13.0,0.912,0.29387795151358287
1583,-13.0,0.924,0.30109249952703354
1584,-13.0,0.9359999999999999,0.2987000291530671
1585,-13.0,0.948,0.3025472041066745
1586,-13.0,0.96,0.30067770266159394
1587,-13.0,0.972,0.2937556796869668
1588,-13.0,0.9840000000000001,0.3066131542222199
1589,-13.0,0.996,0.2986454032908932
1590,-13.0,1.008,0.30524621270765484
1591,-13.0,1.02,0.304699469021106
1592,-13.0,1.032,0.29882565387594395
1593,-13.0,1.044,0.30425636477384504
1594,-13.0,1.056,0.2935521534003529
1595,-13.0,1.068,0.3032549752808182
1596,-13.0,1.08,0.3084946295867954
1597,-13.0,1.092,0.2990669253712734
1598,-13.0,1.104,0.302982200834061
1599,-13.0,1.1159999999999999,0.30448863934789333
1600,-13.0,1.128,0.30125926523198876
1601,-13.0,1.14,0.29993198683102396
1602,-13.0,1.152,0.31323469218039285
1603,-13.0,1.1640000000000001,0.30922335336384615
1604,-13.0,1.176,0.30761042931470256
1605,-13.0,1.188,0.3241665877745543
1606,-13.0,1.2,0.30906727212109036
1607,-13.0,1.212,0.3168529628071518
1608,-13.0,1.224,0.32957726380732594
1609,-13.0,1.236,0.32406777659488617
1610,-13.0,1.248,0.3317107018906351
1611,-13.0,1.26,0.34171990038534433
1612,-13.0,1.272,0.3512558600932634
1613,-13.0,1.284,0.3468605756829272
1614,-13.0,1.296,0.35626464622976634
1615,-13.0,1.308,0.3616001647153012
1616,-13.0,1.32,0.36571361346673387
1617,-13.0,1.3319999999999999,0.3752310323753593
1618,-13.0,1.344,0.3741941009496236
1619,-13.0,1.3559999999999999,0.38083604325479486
1620,-13.0,1.368,0.3864080856467819
1621,-13.0,1.38,0.3909229711051842
1622,-13.0,1.392,0.3917908587261427
1623,-13.0,1.404,0.3900755047396053
1624,-13.0,1.416,0.3872464162289509
1625,-13.0,1.4280000000000002,0.39548754141144044
1626,-13.0,1.44,0.4023988825883633
1627,-13.0,1.452,0.40358070292188036
1628,-13.0,1.464,0.404289478133455
1629,-13.0,1.476,0.4071624882681795
1630,-13.0,1.4880000000000002,0.41236941705745983
1631,-13.0,1.5,0.40201312132865785
1632,-13.0,1.5119999999999998,0.4107374871094371
1633,-13.0,1.524,0.41168953429670235
1634,-13.0,1.536,0.4109368115806716
1635,-13.0,1.548,0.4082272944094812
1636,-13.0,1.56,0.4027754984890406
1637,-13.0,1.5719999999999998,0.40147658440325584
1638,-13.0,1.584,0.4037891545716629
1639,-13.0,1.5959999999999999,0.3990712440040043
1640,-13.0,1.608,0.3951144576932647
1641,-13.0,1.62,0.4016076399001791
1642,-13.0,1.632,0.40374674900033086
1643,-13.0,1.644,0.3967619388655424
1644,-13.0,1.656,0.39757333663680006
1645,-13.0,1.6680000000000001,0.3967530442548842
1646,-13.0,1.68,0.39853658408390563
1647,-13.0,1.692,0.3882381467220332
1648,-13.0,1.704,0.3860829219821361
1649,-13.0,1.716,0.3876557671225585
1650,-13.0,1.7280000000000002,0.3893000685144462
1651,-13.0,1.74,0.38751045765177755
1652,-13.0,1.7519999999999998,0.37779172930432864
1653,-13.0,1.764,0.3823275721506205
1654,-13.0,1.776,0.3833585182343895
1655,-13.0,1.788,0.3829857441903851
1656,-13.0,1.8,0.38195977004990533
1657,-13.0,1.8119999999999998,0.3788529795734484
1658,-13.0,1.824,0.3794734678142921
1659,-13.0,1.8359999999999999,0.38645369301832405
1660,-13.0,1.848,0.380061075300255
1661,-13.0,1.86,0.3739341742522993
1662,-13.0,1.8719999999999999,0.3771629215631633
1663,-13.0,1.884,0.37001905307791644
1664,-13.0,1.896,0.3774136195700869
1665,-13.0,1.908,0.3716810870478637
1666,-13.0,1.92,0.3779382283348808
1667,-13.0,1.932,0.3757053936172753
1668,-13.0,1.944,0.36842314733249504
1669,-13.0,1.956,0.3696383002747477
1670,-13.0,1.9680000000000002,0.364614841306426
1671,-13.0,1.98,0.366224142090375
1672,-13.0,1.992,0.3607575292035721
1673,-13.0,2.004,0.3703980665205585
1674,-13.0,2.016,0.3573861811560166
1675,-13.0,2.028,0.3677750261876669
1676,-13.0,2.04,0.35928616993395396
1677,-13.0,2.052,0.3718772193758761
1678,-13.0,2.064,0.36280519681262097
1679,-13.0,2.076,0.35860136370504614
1680,-13.0,2.088,0.36703324996425113
1681,-13.0,2.1,0.3776527068821673
1682,-13.0,2.112,0.3742395295204497
1683,-13.0,2.124,0.3664242214760715
1684,-13.0,2.136,0.3832116817275323
1685,-13.0,2.148,0.38317289876848254
1686,-13.0,2.16,0.3809761840269377
1687,-13.0,2.1719999999999997,0.39236229392774186
1688,-13.0,2.184,0.39546302952042084
1689,-13.0,2.1959999999999997,0.39528585112569836
1690,-13.0,2.208,0.40131737235333426
1691,-13.0,2.22,0.3980136368596348
1692,-13.0,2.2319999999999998,0.40712729605885467
1693,-13.0,2.244,0.40961482319352277
1694,-13.0,2.256,0.40899311105499003
1695,-13.0,2.268,0.41571484379432
1696,-13.0,2.28,0.4109878904080962
1697,-13.0,2.2920000000000003,0.4226097491531377
1698,-13.0,2.3040000000000003,0.40449391997291423
1699,-13.0,2.316,0.4235203435756604
1700,-13.0,2.3280000000000003,0.42070534860929415
1701,-13.0,2.34,0.434812521759688
1702,-13.0,2.352,0.4267544337873183
1703,-13.0,2.364,0.43058529953521135
1704,-13.0,2.376,0.43212369674208123
1705,-13.0,2.388,0.42618898495120944
1706,-13.0,2.4,0.4235569283949237
1707,-13.0,2.412,0.43092207481483774
1708,-13.0,2.424,0.42981227403438377
1709,-13.0,2.436,0.4439869391382209
1710,-13.0,2.448,0.43671250502970177
1711,-13.0,2.46,0.4405185933200051
1712,-13.0,2.472,0.4362776777231983
1713,-13.0,2.484,0.4408078238744954
1714,-13.0,2.496,0.4354975703531574
1715,-13.0,2.508,0.440212753957797
1716,-13.0,2.52,0.42965142313446814
1717,-13.0,2.532,0.43165727718571667
1718,-13.0,2.544,0.43546167646261963
1719,-13.0,2.556,0.4352493160852504
1720,-13.0,2.568,0.4275751064892526
1721,-13.0,2.58,0.4233429148822303
1722,-13.0,2.592,0.4257990283533084
1723,-13.0,2.6039999999999996,0.42233564788538475
1724,-13.0,2.616,0.43161609129544465
1725,-13.0,2.628,0.41704551601502016
1726,-13.0,2.64,0.4197607699479143
1727,-13.0,2.6519999999999997,0.41596561102769936
1728,-13.0,2.6639999999999997,0.4135514661299046
1729,-13.0,2.676,0.41894775140273
1730,-13.0,2.688,0.41434414234549305
1731,-13.0,2.7,0.41242226766329765
1732,-13.0,2.7119999999999997,0.4020224971262521
1733,-13.0,2.7239999999999998,0.40762468894875664
1734,-13.0,2.736,0.41636451893697884
1735,-13.0,2.748,0.4116630622603766
1736,-13.0,2.76,0.4073640788612495
1737,-13.0,2.772,0.4090427149411263
1738,-13.0,2.7840000000000003,0.3999533280003861
1739,-13.0,2.7960000000000003,0.4099995060397011
1740,-13.0,2.8080000000000003,0.4029408063585389
1741,-13.0,2.82,0.3971587463835859
1742,-13.0,2.832,0.4051889889858873
1743,-13.0,2.844,0.39945731860839045
1744,-13.0,2.8560000000000003,0.3997447308120015
1745,-13.0,2.8680000000000003,0.3956606886405432
1746,-13.0,2.88,0.4058055014937682
1747,-13.0,2.892,0.39700442507247136
1748,-13.0,2.904,0.4036393676964819
1749,-13.0,2.9160000000000004,0.3945832397758765
1750,-13.0,2.928,0.39003690872217794
1751,-13.0,2.94,0.3945196078601988
1752,-13.0,2.952,0.3953296182362511
1753,-13.0,2.964,0.39697806073222025
1754,-13.0,2.9760000000000004,0.3945740487590875
1755,-13.0,2.988,0.39304495884266255
1756,-13.0,3.0,0.3870344592889687
1757,-15.0,0.0,0.17845879197337683
1758,-15.0,0.012,0.17114598251300253
1759,-15.0,0.024,0.17053598178873577
1760,-15.0,0.036000000000000004,0.1806400182964027
1761,-15.0,0.048,0.1836681291810822
1762,-15.0,0.06,0.1691880694358675
1763,-15.0,0.07200000000000001,0.17395614479714422
1764,-15.0,0.084,0.17768257524524442
1765,-15.0,0.096,0.1714848638519434
1766,-15.0,0.10800000000000001,0.17046044012794098
1767,-15.0,0.12,0.18228782324808726
1768,-15.0,0.132,0.17953765422579115
1769,-15.0,0.14400000000000002,0.1758498402464044
1770,-15.0,0.156,0.17265924286944928
1771,-15.0,0.168,0.17748366722171083
1772,-15.0,0.18,0.1841967359155644
1773,-15.0,0.192,0.17716048578242036
1774,-15.0,0.204,0.18693483922876364
1775,-15.0,0.21600000000000003,0.1815794706059182
1776,-15.0,0.228,0.17764078125257993
1777,-15.0,0.24,0.18344310418087365
1778,-15.0,0.252,0.1785881042189823
1779,-15.0,0.264,0.179692507189415
1780,-15.0,0.276,0.1743983317214689
1781,-15.0,0.28800000000000003,0.18019247532926638
1782,-15.0,0.3,0.1762710593926386
1783,-15.0,0.312,0.17404058932886374
1784,-15.0,0.324,0.18517966554683524
1785,-15.0,0.336,0.1793766689011819
1786,-15.0,0.34800000000000003,0.1717073185341238
1787,-15.0,0.36,0.17306384877069164
1788,-15.0,0.37200000000000005,0.18151703630772212
1789,-15.0,0.384,0.186003162663791
1790,-15.0,0.396,0.18957383326794597
1791,-15.0,0.408,0.19222902048695145
1792,-15.0,0.42,0.1993752086591494
1793,-15.0,0.43200000000000005,0.2043597769965263
1794,-15.0,0.444,0.2187019645321646
1795,-15.0,0.456,0.2214320757785832
1796,-15.0,0.46799999999999997,0.23182556879068483
1797,-15.0,0.48,0.24312252128673922
1798,-15.0,0.49200000000000005,0.23899770389304179
1799,-15.0,0.504,0.24696494247139492
1800,-15.0,0.516,0.25463449137329996
1801,-15.0,0.528,0.24827752170512982
1802,-15.0,0.54,0.2579878889372023
1803,-15.0,0.552,0.2669113462843094
1804,-15.0,0.5640000000000001,0.2624248643249353
1805,-15.0,0.5760000000000001,0.2678015483327013
1806,-15.0,0.588,0.2571871759312045
1807,-15.0,0.6,0.2712476177522234
1808,-15.0,0.612,0.2701668887434006
1809,-15.0,0.624,0.26486846073565484
1810,-15.0,0.636,0.26869850028338127
1811,-15.0,0.648,0.2735296974631664
1812,-15.0,0.66,0.27512122778163894
1813,-15.0,0.672,0.26933264498509035
1814,-15.0,0.684,0.2716990424942324
1815,-15.0,0.6960000000000001,0.2855761570464003
1816,-15.0,0.708,0.276592588397093
1817,-15.0,0.72,0.27621118766884273
1818,-15.0,0.732,0.28122440639145485
1819,-15.0,0.7440000000000001,0.27335609532789773
1820,-15.0,0.7559999999999999,0.28103336989963124
1821,-15.0,0.768,0.28274448575269345
1822,-15.0,0.78,0.28049317805671775
1823,-15.0,0.792,0.2779818832598909
1824,-15.0,0.804,0.28651706287099726
1825,-15.0,0.8160000000000001,0.28539297249662376
1826,-15.0,0.8280000000000001,0.2763859044288978
1827,-15.0,0.84,0.2777121458524162
1828,-15.0,0.852,0.27520958332578177
1829,-15.0,0.8640000000000001,0.2825325495005827
1830,-15.0,0.8759999999999999,0.27010888234576114
1831,-15.0,0.888,0.28259739111438753
1832,-15.0,0.9,0.2771324769207603
1833,-15.0,0.912,0.2767303623435339
1834,-15.0,0.924,0.2919714667939239
1835,-15.0,0.9359999999999999,0.28120973916814274
1836,-15.0,0.948,0.2792573497266716
1837,-15.0,0.96,0.2833390451102343
1838,-15.0,0.972,0.27735697699133394
1839,-15.0,0.9840000000000001,0.28152116538739913
1840,-15.0,0.996,0.2852074314327025
1841,-15.0,1.008,0.2841634894014274
1842,-15.0,1.02,0.27934434001095276
1843,-15.0,1.032,0.27806874757503114
1844,-15.0,1.044,0.2911348896167693
1845,-15.0,1.056,0.2794790810155349
1846,-15.0,1.068,0.28828586080703156
1847,-15.0,1.08,0.28858501591085767
1848,-15.0,1.092,0.29380363035296975
1849,-15.0,1.104,0.28015341738345184
1850,-15.0,1.1159999999999999,0.27942415152887673
1851,-15.0,1.128,0.2818255159388915
1852,-15.0,1.14,0.288645964715654
1853,-15.0,1.152,0.2735917000785455
1854,-15.0,1.1640000000000001,0.28161179850922036
1855,-15.0,1.176,0.28273882680879325
1856,-15.0,1.188,0.2836177581592831
1857,-15.0,1.2,0.2859353829010533
1858,-15.0,1.212,0.2922016004218329
1859,-15.0,1.224,0.288284260440022
1860,-15.0,1.236,0.2996955056943285
1861,-15.0,1.248,0.29848264896563054
1862,-15.0,1.26,0.30451838286206434
1863,-15.0,1.272,0.3063547771963221
1864,-15.0,1.284,0.31341998171816976
1865,-15.0,1.296,0.3273781927394936
1866,-15.0,1.308,0.334563989516558
1867,-15.0,1.32,0.3329560429186849
1868,-15.0,1.3319999999999999,0.34426291349919963
1869,-15.0,1.344,0.34029909597941815
1870,-15.0,1.3559999999999999,0.351359102868134
1871,-15.0,1.368,0.3490102585633356
1872,-15.0,1.38,0.35737611450470597
1873,-15.0,1.392,0.36355266759102756
1874,-15.0,1.404,0.3691099635495557
1875,-15.0,1.416,0.3716156666366858
1876,-15.0,1.4280000000000002,0.38033471036264827
1877,-15.0,1.44,0.37831370406477693
1878,-15.0,1.452,0.38845901189562076
1879,-15.0,1.464,0.38910219083204894
1880,-15.0,1.476,0.3896127857947425
1881,-15.0,1.4880000000000002,0.385719846981188
1882,-15.0,1.5,0.3885678907698313
1883,-15.0,1.5119999999999998,0.3887171964939364
1884,-15.0,1.524,0.3948705506728052
1885,-15.0,1.536,0.4024502867132754
1886,-15.0,1.548,0.4017982581736698
1887,-15.0,1.56,0.38797604985826634
1888,-15.0,1.5719999999999998,0.39872713995552794
1889,-15.0,1.584,0.39936715059395295
1890,-15.0,1.5959999999999999,0.3921535228854381
1891,-15.0,1.608,0.3827378291464537
1892,-15.0,1.62,0.3894887582173793
1893,-15.0,1.632,0.3891859039687226
1894,-15.0,1.644,0.3859472724642555
1895,-15.0,1.656,0.3823999105731854
1896,-15.0,1.6680000000000001,0.3953887704277713
1897,-15.0,1.68,0.3781867471796766
1898,-15.0,1.692,0.3795769799831893
1899,-15.0,1.704,0.38747153915661603
1900,-15.0,1.716,0.3700251003291508
1901,-15.0,1.7280000000000002,0.3686139644085112
1902,-15.0,1.74,0.3820324164496288
1903,-15.0,1.7519999999999998,0.38117479155235856
1904,-15.0,1.764,0.3778384335781793
1905,-15.0,1.776,0.3736659248689803
1906,-15.0,1.788,0.38087115905804775
1907,-15.0,1.8,0.3807938433871821
1908,-15.0,1.8119999999999998,0.37209538523019897
1909,-15.0,1.824,0.3747677159965584
1910,-15.0,1.8359999999999999,0.38363406934960637
1911,-15.0,1.848,0.37380770354087334
1912,-15.0,1.86,0.3766725997158223
1913,-15.0,1.8719999999999999,0.3696147913893793
1914,-15.0,1.884,0.36976545363181945
1915,-15.0,1.896,0.3699371986575008
1916,-15.0,1.908,0.3729142516885948
1917,-15.0,1.92,0.36430398257799806
1918,-15.0,1.932,0.36889086690206097
1919,-15.0,1.944,0.36507110497341916
1920,-15.0,1.956,0.36682131403639134
1921,-15.0,1.9680000000000002,0.36591788092256883
1922,-15.0,1.98,0.36528163636137834
1923,-15.0,1.992,0.3637190770804545
1924,-15.0,2.004,0.3671081078831764
1925,-15.0,2.016,0.367816266667077
1926,-15.0,2.028,0.35844454215322613
1927,-15.0,2.04,0.3584228077888772
1928,-15.0,2.052,0.3574801274681794
1929,-15.0,2.064,0.3548938954106524
1930,-15.0,2.076,0.36676092648156944
1931,-15.0,2.088,0.3607214562493581
1932,-15.0,2.1,0.35129573275556664
1933,-15.0,2.112,0.37308785811680123
1934,-15.0,2.124,0.3676366388592616
1935,-15.0,2.136,0.3727295875024794
1936,-15.0,2.148,0.36755588001119516
1937,-15.0,2.16,0.3675495308344838
1938,-15.0,2.1719999999999997,0.37755111155283194
1939,-15.0,2.184,0.3784365555968282
1940,-15.0,2.1959999999999997,0.38627392125607574
1941,-15.0,2.208,0.3882574691184389
1942,-15.0,2.22,0.4042250160585835
1943,-15.0,2.2319999999999998,0.3983344630977531
1944,-15.0,2.244,0.3975966358680751
1945,-15.0,2.256,0.3929617990999753
1946,-15.0,2.268,0.405540461798104
1947,-15.0,2.28,0.40194954314191195
1948,-15.0,2.2920000000000003,0.412159145856673
1949,-15.0,2.3040000000000003,0.4164546089073223
1950,-15.0,2.316,0.40658772120567277
1951,-15.0,2.3280000000000003,0.4083486058331154
1952,-15.0,2.34,0.42307531476419236
1953,-15.0,2.352,0.417320722353591
1954,-15.0,2.364,0.4235077355336568
1955,-15.0,2.376,0.41768727515525234
1956,-15.0,2.388,0.42087585928574683
1957,-15.0,2.4,0.4223301188693901
1958,-15.0,2.412,0.42944948337133104
1959,-15.0,2.424,0.42723767375891913
1960,-15.0,2.436,0.43159465262020885
1961,-15.0,2.448,0.43301500027220596
1962,-15.0,2.46,0.4357884059266099
1963,-15.0,2.472,0.4296915486865095
1964,-15.0,2.484,0.4389730165927156
1965,-15.0,2.496,0.43481161484407893
1966,-15.0,2.508,0.4331606272549495
1967,-15.0,2.52,0.4245875898562047
1968,-15.0,2.532,0.4272214033804554
1969,-15.0,2.544,0.4308257648083353
1970,-15.0,2.556,0.4250732228682005
1971,-15.0,2.568,0.4291585758882926
1972,-15.0,2.58,0.4192678648228412
1973,-15.0,2.592,0.42795329288426986
1974,-15.0,2.6039999999999996,0.411220125921121
1975,-15.0,2.616,0.41317816599650403
1976,-15.0,2.628,0.40952565161703897
1977,-15.0,2.64,0.41371208697324896
1978,-15.0,2.6519999999999997,0.42230998576230366
1979,-15.0,2.6639999999999997,0.41446424125432557
1980,-15.0,2.676,0.40857616036365646
1981,-15.0,2.688,0.4082327089695455
1982,-15.0,2.7,0.41505229864898185
1983,-15.0,2.7119999999999997,0.41587216263632915
1984,-15.0,2.7239999999999998,0.4107165466925766
1985,-15.0,2.736,0.408503092461257
1986,-15.0,2.748,0.4159289771303539
1987,-15.0,2.76,0.3961973301557191
1988,-15.0,2.772,0.40524644349880257
1989,-15.0,2.7840000000000003,0.4082266154861555
1990,-15.0,2.7960000000000003,0.4008442545904272
1991,-15.0,2.8080000000000003,0.3964803906759653
1992,-15.0,2.82,0.3955985459324738
1993,-15.0,2.832,0.4059604789202091
1994,-15.0,2.844,0.38771800502918785
1995,-15.0,2.8560000000000003,0.40127311998017995
1996,-15.0,2.8680000000000003,0.3913310720195199
1997,-15.0,2.88,0.3995358122272838
1998,-15.0,2.892,0.39818194508965926
1999,-15.0,2.904,0.3943275305397601
2000,-15.0,2.9160000000000004,0.39260649307561196
2001,-15.0,2.928,0.3966525565999559
2002,-15.0,2.94,0.3955246668294126
2003,-15.0,2.952,0.39343017439522
2004,-15.0,2.964,0.39885477108413164
2005,-15.0,2.9760000000000004,0.39709109420616456
2006,-15.0,2.988,0.3900204374792929
2007,-15.0,3.0,0.38791687364761535
2008,-17.0,0.0,0.18340429411890408
2009,-17.0,0.012,0.17301491359592064
2010,-17.0,0.024,0.1806796371288374
2011,-17.0,0.036000000000000004,0.1753694908941932
2012,-17.0,0.048,0.18200474223410648
2013,-17.0,0.06,0.17904519822895001
2014,-17.0,0.07200000000000001,0.18667744078938456
2015,-17.0,0.084,0.1733506724674233
2016,-17.0,0.096,0.1786794601012933
2017,-17.0,0.10800000000000001,0.18290670351688704
2018,-17.0,0.12,0.1824422658242135
2019,-17.0,0.132,0.17722163800785193
2020,-17.0,0.14400000000000002,0.18653659054117383
2021,-17.0,0.156,0.17983128225037534
2022,-17.0,0.168,0.17781968626250874
2023,-17.0,0.18,0.1822226578259701
2024,-17.0,0.192,0.17516995468835594
2025,-17.0,0.204,0.180072318342755
2026,-17.0,0.21600000000000003,0.18067209907259565
2027,-17.0,0.228,0.17219665990333344
2028,-17.0,0.24,0.18312609744518138
2029,-17.0,0.252,0.17139948970519778
2030,-17.0,0.264,0.1803607311997915
2031,-17.0,0.276,0.18096510785872982
2032,-17.0,0.28800000000000003,0.18145446565945333
2033,-17.0,0.3,0.17966737105607847
2034,-17.0,0.312,0.17766704169662817
2035,-17.0,0.324,0.1750400281330271
2036,-17.0,0.336,0.166721857710312
2037,-17.0,0.34800000000000003,0.17165662517010405
2038,-17.0,0.36,0.17407839653385665
2039,-17.0,0.37200000000000005,0.1828644114352966
2040,-17.0,0.384,0.1808273789988143
2041,-17.0,0.396,0.17924966345905155
2042,-17.0,0.408,0.17925259240479202
2043,-17.0,0.42,0.16850957682966475
2044,-17.0,0.43200000000000005,0.18025099068433648
2045,-17.0,0.444,0.1827707255992987
2046,-17.0,0.456,0.18235625077476533
2047,-17.0,0.46799999999999997,0.1871852719633892
2048,-17.0,0.48,0.18002587430803615
2049,-17.0,0.49200000000000005,0.18047739074045557
2050,-17.0,0.504,0.17691946736467112
2051,-17.0,0.516,0.18201144789823004
2052,-17.0,0.528,0.18642086682189601
2053,-17.0,0.54,0.17644954365852994
2054,-17.0,0.552,0.1860798808953332
2055,-17.0,0.5640000000000001,0.19354427379696876
2056,-17.0,0.5760000000000001,0.19572428219229504
2057,-17.0,0.588,0.20177052759870226
2058,-17.0,0.6,0.199789881563724
2059,-17.0,0.612,0.1985940911430355
2060,-17.0,0.624,0.21915024950603038
2061,-17.0,0.636,0.21439706034805547
2062,-17.0,0.648,0.20476213757060585
2063,-17.0,0.66,0.21686916923686403
2064,-17.0,0.672,0.22315369636007068
2065,-17.0,0.684,0.22974956097824076
2066,-17.0,0.6960000000000001,0.22119190572247602
2067,-17.0,0.708,0.24018308767778984
2068,-17.0,0.72,0.2325610996682224
2069,-17.0,0.732,0.2336978508258964
2070,-17.0,0.7440000000000001,0.2346738256733653
2071,-17.0,0.7559999999999999,0.24316329997159034
2072,-17.0,0.768,0.24214443349901466
2073,-17.0,0.78,0.24069693444383466
2074,-17.0,0.792,0.23829131311783364
2075,-17.0,0.804,0.24794690802551975
2076,-17.0,0.8160000000000001,0.24347615194508038
2077,-17.0,0.8280000000000001,0.24834002723863166
2078,-17.0,0.84,0.2427826383729312
2079,-17.0,0.852,0.2556147442654631
2080,-17.0,0.8640000000000001,0.24091724426801342
2081,-17.0,0.8759999999999999,0.25588126271174616
2082,-17.0,0.888,0.25514023820066334
2083,-17.0,0.9,0.24968545096886785
2084,-17.0,0.912,0.25969003865902385
2085,-17.0,0.924,0.2509409341238084
2086,-17.0,0.9359999999999999,0.2566721668925915
2087,-17.0,0.948,0.25657229385763486
2088,-17.0,0.96,0.252893740360003
2089,-17.0,0.972,0.24857133534715892
2090,-17.0,0.9840000000000001,0.25461624491770984
2091,-17.0,0.996,0.25955369492344016
2092,-17.0,1.008,0.2547124375188275
2093,-17.0,1.02,0.25566130639224005
2094,-17.0,1.032,0.2549174650846884
2095,-17.0,1.044,0.26382638249250573
2096,-17.0,1.056,0.2509494871586414
2097,-17.0,1.068,0.2565357336956379
2098,-17.0,1.08,0.26292330265044794
2099,-17.0,1.092,0.24864979607277285
2100,-17.0,1.104,0.260970659363323
2101,-17.0,1.1159999999999999,0.26817588651538016
2102,-17.0,1.128,0.2639599774002847
2103,-17.0,1.14,0.2655408672949816
2104,-17.0,1.152,0.26023109694871016
2105,-17.0,1.1640000000000001,0.26742492625208825
2106,-17.0,1.176,0.2632742245433591
2107,-17.0,1.188,0.27289205399760896
2108,-17.0,1.2,0.2686635009729906
2109,-17.0,1.212,0.269234262026474
2110,-17.0,1.224,0.26922449870344195
2111,-17.0,1.236,0.2659919128089645
2112,-17.0,1.248,0.274303384109512
2113,-17.0,1.26,0.27168200817006743
2114,-17.0,1.272,0.2779873590245979
2115,-17.0,1.284,0.2747066417236902
2116,-17.0,1.296,0.2763461077767216
2117,-17.0,1.308,0.2795913222939951
2118,-17.0,1.32,0.2904428057683333
2119,-17.0,1.3319999999999999,0.3014101632437547
2120,-17.0,1.344,0.30456716423032665
2121,-17.0,1.3559999999999999,0.30925921143916174
2122,-17.0,1.368,0.31608888594413537
2123,-17.0,1.38,0.3105317630275687
2124,-17.0,1.392,0.328790525487088
2125,-17.0,1.404,0.3339001285461579
2126,-17.0,1.416,0.34593876968840737
2127,-17.0,1.4280000000000002,0.35491907136738543
2128,-17.0,1.44,0.35144458051524335
2129,-17.0,1.452,0.35802278112093905
2130,-17.0,1.464,0.3646554104323951
2131,-17.0,1.476,0.3621536463282716
2132,-17.0,1.4880000000000002,0.367609211616759
2133,-17.0,1.5,0.36435766966725064
2134,-17.0,1.5119999999999998,0.3749865370363088
2135,-17.0,1.524,0.3838563055849146
2136,-17.0,1.536,0.37738137431279567
2137,-17.0,1.548,0.39932607923198354
2138,-17.0,1.56,0.3826038356711793
2139,-17.0,1.5719999999999998,0.38261124831331506
2140,-17.0,1.584,0.3872321470723761
2141,-17.0,1.5959999999999999,0.37904765265823637
2142,-17.0,1.608,0.37514163630313896
2143,-17.0,1.62,0.38733967609727077
2144,-17.0,1.632,0.3804437258349196
2145,-17.0,1.644,0.3778774729703568
2146,-17.0,1.656,0.3739666870855644
2147,-17.0,1.6680000000000001,0.3813218315640778
2148,-17.0,1.68,0.37458097538107
2149,-17.0,1.692,0.37120957212398215
2150,-17.0,1.704,0.3713288686790702
2151,-17.0,1.716,0.36945374295837136
2152,-17.0,1.7280000000000002,0.367932251670159
2153,-17.0,1.74,0.36394323206914225
2154,-17.0,1.7519999999999998,0.37800623444556314
2155,-17.0,1.764,0.3633146412556624
2156,-17.0,1.776,0.35865126518021995
2157,-17.0,1.788,0.36723767191493784
2158,-17.0,1.8,0.36474194541473476
2159,-17.0,1.8119999999999998,0.3578344896283896
2160,-17.0,1.824,0.37036320595147204
2161,-17.0,1.8359999999999999,0.36806811493702957
2162,-17.0,1.848,0.36641550212708446
2163,-17.0,1.86,0.358813787714884
2164,-17.0,1.8719999999999999,0.361661252736549
2165,-17.0,1.884,0.36434732254621943
2166,-17.0,1.896,0.36276316676146697
2167,-17.0,1.908,0.35461061497750607
2168,-17.0,1.92,0.35893192547760017
2169,-17.0,1.932,0.3543197636769697
2170,-17.0,1.944,0.3678410565457324
2171,-17.0,1.956,0.35378440871287686
2172,-17.0,1.9680000000000002,0.36025528861378253
2173,-17.0,1.98,0.36195402246166636
2174,-17.0,1.992,0.3555671283549833
2175,-17.0,2.004,0.36309349465584434
2176,-17.0,2.016,0.35830608026209043
2177,-17.0,2.028,0.3539314832389481
2178,-17.0,2.04,0.3610288195149114
2179,-17.0,2.052,0.35801607978154054
2180,-17.0,2.064,0.3555045058115285
2181,-17.0,2.076,0.3557715999179527
2182,-17.0,2.088,0.3502117123232774
2183,-17.0,2.1,0.34958552717451014
2184,-17.0,2.112,0.3544188014848402
2185,-17.0,2.124,0.3590302602796677
2186,-17.0,2.136,0.3568373803523152
2187,-17.0,2.148,0.3592199445604733
2188,-17.0,2.16,0.35740502000299795
2189,-17.0,2.1719999999999997,0.3685062451537601
2190,-17.0,2.184,0.3621539731589803
2191,-17.0,2.1959999999999997,0.3633048088199734
2192,-17.0,2.208,0.374211858176716
2193,-17.0,2.22,0.37758660217267287
2194,-17.0,2.2319999999999998,0.3789446078644622
2195,-17.0,2.244,0.3892419883144686
2196,-17.0,2.256,0.38580803349637977
2197,-17.0,2.268,0.39314401904557145
2198,-17.0,2.28,0.3889431352618733
2199,-17.0,2.2920000000000003,0.393150757299899
2200,-17.0,2.3040000000000003,0.40378867730664175
2201,-17.0,2.316,0.4029566692873114
2202,-17.0,2.3280000000000003,0.401125278111884
2203,-17.0,2.34,0.41052021275546646
2204,-17.0,2.352,0.40673856034196026
2205,-17.0,2.364,0.41394260649567016
2206,-17.0,2.376,0.4086362825278349
2207,-17.0,2.388,0.40865551926379695
2208,-17.0,2.4,0.40811144388979337
2209,-17.0,2.412,0.4195299596626981
2210,-17.0,2.424,0.41717196379137517
2211,-17.0,2.436,0.41602041059618045
2212,-17.0,2.448,0.417519185747252
2213,-17.0,2.46,0.43269470477896654
2214,-17.0,2.472,0.430848689777948
2215,-17.0,2.484,0.42887454363813615
2216,-17.0,2.496,0.4307522765741198
2217,-17.0,2.508,0.42534020645004184
2218,-17.0,2.52,0.423741644212798
2219,-17.0,2.532,0.4252756549396001
2220,-17.0,2.544,0.43080063807616487
2221,-17.0,2.556,0.42180174623074007
2222,-17.0,2.568,0.42347055312979826
2223,-17.0,2.58,0.42938735352532453
2224,-17.0,2.592,0.41990844443937614
2225,-17.0,2.6039999999999996,0.4166353941080436
2226,-17.0,2.616,0.4133097442705754
2227,-17.0,2.628,0.4156238285779297
2228,-17.0,2.64,0.4110625334341551
2229,-17.0,2.6519999999999997,0.41598839642665425
2230,-17.0,2.6639999999999997,0.41350222632849687
2231,-17.0,2.676,0.4136957881607742
2232,-17.0,2.688,0.403440778242688
2233,-17.0,2.7,0.4044436445023836
2234,-17.0,2.7119999999999997,0.4159744124355025
2235,-17.0,2.7239999999999998,0.4010060713230394
2236,-17.0,2.736,0.4103386638487592
2237,-17.0,2.748,0.405050047329069
2238,-17.0,2.76,0.3998548107548384
2239,-17.0,2.772,0.4016173352329308
2240,-17.0,2.7840000000000003,0.39983287989226557
2241,-17.0,2.7960000000000003,0.40457543699755033
2242,-17.0,2.8080000000000003,0.3958489425373244
2243,-17.0,2.82,0.3978833869358382
2244,-17.0,2.832,0.3965371955624835
2245,-17.0,2.844,0.39302749116473584
2246,-17.0,2.8560000000000003,0.399256633414036
2247,-17.0,2.8680000000000003,0.3958298153037454
2248,-17.0,2.88,0.3979052456092534
2249,-17.0,2.892,0.39436229406054013
2250,-17.0,2.904,0.39507272606282345
2251,-17.0,2.9160000000000004,0.4029774390914966
2252,-17.0,2.928,0.3907925446032667
2253,-17.0,2.94,0.395217321632363
2254,-17.0,2.952,0.38732430611270297
2255,-17.0,2.964,0.3917655875573615
2256,-17.0,2.9760000000000004,0.39974306845628416
2257,-17.0,2.988,0.3965740469510656
2258,-17.0,3.0,0.3868734718336825
2259,-19.0,0.0,0.17233571545138274
2260,-19.0,0.012,0.18441952652807217
2261,-19.0,0.024,0.1813000834792865
2262,-19.0,0.036000000000000004,0.18304557605735222
2263,-19.0,0.048,0.17566350469342717
2264,-19.0,0.06,0.18206931592989728
2265,-19.0,0.07200000000000001,0.18439006090155016
2266,-19.0,0.084,0.1792027704540425
2267,-19.0,0.096,0.18106820340999247
2268,-19.0,0.10800000000000001,0.1661848549994885
2269,-19.0,0.12,0.18539756195224583
2270,-19.0,0.132,0.17658730860649222
2271,-19.0,0.14400000000000002,0.1836239062739992
2272,-19.0,0.156,0.17886270932202633
2273,-19.0,0.168,0.18073339560975346
2274,-19.0,0.18,0.18046760035498666
2275,-19.0,0.192,0.17324655123929514
2276,-19.0,0.204,0.16821139209988895
2277,-19.0,0.21600000000000003,0.17849399421523962
2278,-19.0,0.228,0.17151445208464375
2279,-19.0,0.24,0.1833371181394068
2280,-19.0,0.252,0.17354536438455817
2281,-19.0,0.264,0.18060366997005742
2282,-19.0,0.276,0.17868042437670145
2283,-19.0,0.28800000000000003,0.17475478236675862
2284,-19.0,0.3,0.17105829996351465
2285,-19.0,0.312,0.17840812056303573
2286,-19.0,0.324,0.17903520133949524
2287,-19.0,0.336,0.17304487563097856
2288,-19.0,0.34800000000000003,0.17992954437136893
2289,-19.0,0.36,0.17757829178587942
2290,-19.0,0.37200000000000005,0.18666614599586162
2291,-19.0,0.384,0.17038391503703623
2292,-19.0,0.396,0.1926096730597181
2293,-19.0,0.408,0.1759906458343442
2294,-19.0,0.42,0.1739864409538982
2295,-19.0,0.43200000000000005,0.1685231594046906
2296,-19.0,0.444,0.1776118868455149
2297,-19.0,0.456,0.1811886584604848
2298,-19.0,0.46799999999999997,0.16737809371450293
2299,-19.0,0.48,0.17094352614731476
2300,-19.0,0.49200000000000005,0.17919549379059035
2301,-19.0,0.504,0.18228768337737933
2302,-19.0,0.516,0.17593600071164184
2303,-19.0,0.528,0.17505653835213927
2304,-19.0,0.54,0.1768196392324014
2305,-19.0,0.552,0.17177622663818368
2306,-19.0,0.5640000000000001,0.17836294249155882
2307,-19.0,0.5760000000000001,0.1721217907213816
2308,-19.0,0.588,0.18024954164481757
2309,-19.0,0.6,0.18307481803567976
2310,-19.0,0.612,0.18679891479985236
2311,-19.0,0.624,0.17657088701087822
2312,-19.0,0.636,0.18234105534879863
2313,-19.0,0.648,0.17883928441190355
2314,-19.0,0.66,0.17905124847380008
2315,-19.0,0.672,0.1788552321571317
2316,-19.0,0.684,0.17417875936319144
2317,-19.0,0.6960000000000001,0.18132373659508874
2318,-19.0,0.708,0.1731828316235848
2319,-19.0,0.72,0.17301059818112574
2320,-19.0,0.732,0.18211088951030563
2321,-19.0,0.7440000000000001,0.17526136138895998
2322,-19.0,0.7559999999999999,0.18348608136757175
2323,-19.0,0.768,0.18122813683251462
2324,-19.0,0.78,0.1829914709640769
2325,-19.0,0.792,0.18592355047931317
2326,-19.0,0.804,0.18406094000258783
2327,-19.0,0.8160000000000001,0.18480266001282655
2328,-19.0,0.8280000000000001,0.1922389075712311
2329,-19.0,0.84,0.18475173356407068
2330,-19.0,0.852,0.19289103629776733
2331,-19.0,0.8640000000000001,0.19673215782686965
2332,-19.0,0.8759999999999999,0.20252471289863064
2333,-19.0,0.888,0.20230200314268765
2334,-19.0,0.9,0.20459224035025508
2335,-19.0,0.912,0.2020282561416264
2336,-19.0,0.924,0.2003970063884293
2337,-19.0,0.9359999999999999,0.21104242793061886
2338,-19.0,0.948,0.2030737024492102
2339,-19.0,0.96,0.21257608884981857
2340,-19.0,0.972,0.2128941883680944
2341,-19.0,0.9840000000000001,0.2076978124764221
2342,-19.0,0.996,0.22151502229920908
2343,-19.0,1.008,0.2062206518158982
2344,-19.0,1.02,0.2119411144636667
2345,-19.0,1.032,0.21901447523261808
2346,-19.0,1.044,0.22441550935664256
2347,-19.0,1.056,0.21927024575502727
2348,-19.0,1.068,0.21895529662001545
2349,-19.0,1.08,0.22679621971468833
2350,-19.0,1.092,0.22363320864545894
2351,-19.0,1.104,0.2298212415947787
2352,-19.0,1.1159999999999999,0.22198682144957757
2353,-19.0,1.128,0.22282324525789052
2354,-19.0,1.14,0.223555509291847
2355,-19.0,1.152,0.22613842093284553
2356,-19.0,1.1640000000000001,0.22447887215705323
2357,-19.0,1.176,0.22026379578124883
2358,-19.0,1.188,0.23437638080394413
2359,-19.0,1.2,0.2354175975831172
2360,-19.0,1.212,0.23722494650801523
2361,-19.0,1.224,0.24499809228843553
2362,-19.0,1.236,0.24131989664752157
2363,-19.0,1.248,0.23817967102195406
2364,-19.0,1.26,0.23349877185556314
2365,-19.0,1.272,0.23285823308442427
2366,-19.0,1.284,0.23394028416844065
2367,-19.0,1.296,0.23482225090904368
2368,-19.0,1.308,0.24350742755244636
2369,-19.0,1.32,0.24531887835366387
2370,-19.0,1.3319999999999999,0.2525954308512566
2371,-19.0,1.344,0.25037367636865404
2372,-19.0,1.3559999999999999,0.2574930320880623
2373,-19.0,1.368,0.26310369433633574
2374,-19.0,1.38,0.2688000720426057
2375,-19.0,1.392,0.2727208914518775
2376,-19.0,1.404,0.28191622004097877
2377,-19.0,1.416,0.29458063482372626
2378,-19.0,1.4280000000000002,0.290783472634539
2379,-19.0,1.44,0.2962671267785223
2380,-19.0,1.452,0.30705917709279984
2381,-19.0,1.464,0.31512097344226897
2382,-19.0,1.476,0.33198351973551055
2383,-19.0,1.4880000000000002,0.3250322993528819
2384,-19.0,1.5,0.33659662847674326
2385,-19.0,1.5119999999999998,0.34170220345704544
2386,-19.0,1.524,0.3553001692703222
2387,-19.0,1.536,0.3463788360810191
2388,-19.0,1.548,0.35817412529156845
2389,-19.0,1.56,0.35467407886983543
2390,-19.0,1.5719999999999998,0.357818086978553
2391,-19.0,1.584,0.3584113674287934
2392,-19.0,1.5959999999999999,0.3592907807468474
2393,-19.0,1.608,0.3546026845840867
2394,-19.0,1.62,0.3562712304968597
2395,-19.0,1.632,0.36153622177016964
2396,-19.0,1.644,0.36279220223346814
2397,-19.0,1.656,0.3567018625087655
2398,-19.0,1.6680000000000001,0.3583388495225025
2399,-19.0,1.68,0.35525578189555074
2400,-19.0,1.692,0.3603061458984122
2401,-19.0,1.704,0.3628990130723551
2402,-19.0,1.716,0.3629575971735233
2403,-19.0,1.7280000000000002,0.36877563674523317
2404,-19.0,1.74,0.3606434749061584
2405,-19.0,1.7519999999999998,0.35591565795490443
2406,-19.0,1.764,0.3596698882103951
2407,-19.0,1.776,0.352897117451189
2408,-19.0,1.788,0.3572306472087843
2409,-19.0,1.8,0.3549603707459115
2410,-19.0,1.8119999999999998,0.35632906870318204
2411,-19.0,1.824,0.34742105321909933
2412,-19.0,1.8359999999999999,0.3488752858863415
2413,-19.0,1.848,0.3549507195960893
2414,-19.0,1.86,0.3454622496257305
2415,-19.0,1.8719999999999999,0.3550420433829873
2416,-19.0,1.884,0.3573599628995892
2417,-19.0,1.896,0.35132284017010046
2418,-19.0,1.908,0.35159763453722376
2419,-19.0,1.92,0.352207056103115
2420,-19.0,1.932,0.3542194311940558
2421,-19.0,1.944,0.3477527682265855
2422,-19.0,1.956,0.35471956263662774
2423,-19.0,1.9680000000000002,0.3498699560958426
2424,-19.0,1.98,0.3594270943882585
2425,-19.0,1.992,0.3532485222863302
2426,-19.0,2.004,0.35584588740889816
2427,-19.0,2.016,0.35245618641409443
2428,-19.0,2.028,0.3401374176330387
2429,-19.0,2.04,0.3472128154507923
2430,-19.0,2.052,0.3454426992474728
2431,-19.0,2.064,0.34910358600362307
2432,-19.0,2.076,0.3480138972551737
2433,-19.0,2.088,0.3492749147039526
2434,-19.0,2.1,0.3471889702982876
2435,-19.0,2.112,0.3524153041913026
2436,-19.0,2.124,0.34827663886085675
2437,-19.0,2.136,0.3417559826601357
2438,-19.0,2.148,0.34876812224657544
2439,-19.0,2.16,0.3532297753724429
2440,-19.0,2.1719999999999997,0.3582671346663452
2441,-19.0,2.184,0.34975472963782206
2442,-19.0,2.1959999999999997,0.355289880025916
2443,-19.0,2.208,0.36351920552580885
2444,-19.0,2.22,0.364720543431187
2445,-19.0,2.2319999999999998,0.36094942996977414
2446,-19.0,2.244,0.3655348063409605
2447,-19.0,2.256,0.3607855524539586
2448,-19.0,2.268,0.3693103611445726
2449,-19.0,2.28,0.37481227705499237
2450,-19.0,2.2920000000000003,0.3817110031587925
2451,-19.0,2.3040000000000003,0.3831607963392541
2452,-19.0,2.316,0.3841379802316968
2453,-19.0,2.3280000000000003,0.39026375906009436
2454,-19.0,2.34,0.40051929631819216
2455,-19.0,2.352,0.3969177355037219
2456,-19.0,2.364,0.394012213894454
2457,-19.0,2.376,0.40602825983304364
2458,-19.0,2.388,0.40991477846406715
2459,-19.0,2.4,0.403005631680532
2460,-19.0,2.412,0.4118795265140042
2461,-19.0,2.424,0.40176427529770425
2462,-19.0,2.436,0.4166333470384725
2463,-19.0,2.448,0.413995060618016
2464,-19.0,2.46,0.41601816904929095
2465,-19.0,2.472,0.4157861994798906
2466,-19.0,2.484,0.42143778211206445
2467,-19.0,2.496,0.4280533031519619
2468,-19.0,2.508,0.4204315762704824
2469,-19.0,2.52,0.4211525941360384
2470,-19.0,2.532,0.42761096893894834
2471,-19.0,2.544,0.4245136003250746
2472,-19.0,2.556,0.4043422285504844
2473,-19.0,2.568,0.4201496012037037
2474,-19.0,2.58,0.4204567346435229
2475,-19.0,2.592,0.4129802705733404
2476,-19.0,2.6039999999999996,0.41045344801177813
2477,-19.0,2.616,0.4100587799867709
2478,-19.0,2.628,0.4149596505514602
2479,-19.0,2.64,0.404968234884353
2480,-19.0,2.6519999999999997,0.40620051572003957
2481,-19.0,2.6639999999999997,0.4143212040605302
2482,-19.0,2.676,0.41973174684664105
2483,-19.0,2.688,0.4153508803703587
2484,-19.0,2.7,0.4105165488806904
2485,-19.0,2.7119999999999997,0.40302045411003723
2486,-19.0,2.7239999999999998,0.39521308546571066
2487,-19.0,2.736,0.40407712107803206
2488,-19.0,2.748,0.39978169240510275
2489,-19.0,2.76,0.4030923894194193
2490,-19.0,2.772,0.4016387819230284
2491,-19.0,2.7840000000000003,0.401191741698176
2492,-19.0,2.7960000000000003,0.40270667702476914
2493,-19.0,2.8080000000000003,0.396562061274586
2494,-19.0,2.82,0.39156261712019835
2495,-19.0,2.832,0.39692032197989036
2496,-19.0,2.844,0.39656798860910064
2497,-19.0,2.8560000000000003,0.39480959001561466
2498,-19.0,2.8680000000000003,0.3980036680747552
2499,-19.0,2.88,0.3865547606321776
2500,-19.0,2.892,0.39519544061078227
2501,-19.0,2.904,0.395515077989506
2502,-19.0,2.9160000000000004,0.39434292243810504
2503,-19.0,2.928,0.39122904279850623
2504,-19.0,2.94,0.40098741676531974
2505,-19.0,2.952,0.38595292095273465
2506,-19.0,2.964,0.3794064029850672
2507,-19.0,2.9760000000000004,0.38828940876534707
2508,-19.0,2.988,0.394956204585468
2509,-19.0,3.0,0.38707929842040195
